Location,Gender,Product
"Hyderabad, Sindh",Female,UnStitched Female Clothes
Rahim Yar Khan,Female,UnStitched Female Clothes
"Dammam, Saudi Arabia",Male,UnStitched Female Clothes
"Lahore, Pakistan",Female,UnStitched Female Clothes
"Rawalpindi, Pakistan",Female,UnStitched Female Clothes
"Lahore, Pakistan",Female,UnStitched Female Clothes
"Gujranwala, Pakistan",Female,UnStitched Female Clothes
Bahawalpur,Female,UnStitched Female Clothes
"Jhang Sadar, Punjab, Pakistan",Male,UnStitched Female Clothes
"Dubai, United Arab Emirates",Male,UnStitched Female Clothes
"Karachi, Pakistan",Female,UnStitched Female Clothes
"Karachi, Pakistan",Female,UnStitched Female Clothes
"Karachi, Pakistan",Female,UnStitched Female Clothes
"Karachi, Pakistan",Female,UnStitched Female Clothes
"Lahore, Pakistan",Male,UnStitched Female Clothes
Faisalabad,Female,UnStitched Female Clothes
"Quetta, Pakistan",Female,UnStitched Female Clothes
"Harbin, China",Male,UnStitched Female Clothes
Layyah,Male,UnStitched Female Clothes
Rahim Yar Khan,Male,UnStitched Female Clothes
"Lahore, Pakistan",Female,UnStitched Female Clothes
"Karachi, Pakistan",Female,UnStitched Female Clothes
"New Delhi, India",Male,UnStitched Female Clothes
Sheikhupura,Male,UnStitched Female Clothes
"Karachi, Pakistan",Male,UnStitched Female Clothes
"Hyderabad, Sindh",Female,UnStitched Female Clothes
Gujrat,Female,UnStitched Female Clothes
"Lahore, Pakistan",Female,UnStitched Female Clothes
"Karachi, Pakistan",Female,UnStitched Female Clothes
"Karachi, Pakistan",Male,UnStitched Female Clothes
"Lahore, Pakistan",Female,UnStitched Female Clothes
"Rampur, Punjab, India",Male,UnStitched Female Clothes
"Ahmedabad, India",Female,UnStitched Female Clothes
"Abuja, Nigeria",Female,UnStitched Female Clothes
"Dubai, United Arab Emirates",Female,UnStitched Female Clothes
Rahim Yar Khan,Male,UnStitched Female Clothes
"Lahore, Pakistan",Female,UnStitched Female Clothes
Faisalabad,Female,UnStitched Female Clothes
"Lahore, Pakistan",Male,UnStitched Female Clothes
Sargodha,Female,UnStitched Female Clothes
"Islamabad, Pakistan",Female,UnStitched Female Clothes
"Lahore, Pakistan",Female,UnStitched Female Clothes
"Sukkur, Sindh",Female,UnStitched Female Clothes
"Rawalpindi, Pakistan",Male,UnStitched Female Clothes
"Karachi, Pakistan",Male,UnStitched Female Clothes
Bahawalpur,Female,UnStitched Female Clothes
"Karachi, Pakistan",Female,UnStitched Female Clothes
"Hampton, London, United Kingdom",Female,UnStitched Female Clothes
"Lahore, Pakistan",Female,UnStitched Female Clothes
"Haripur, Pakistan",Female,UnStitched Female Clothes
"Kacha Gojra, Punjab, Pakistan",Male,UnStitched Female Clothes
"Kacha Gojra, Punjab, Pakistan",Female,UnStitched Female Clothes
Faisalabad,Female,UnStitched Female Clothes
Faisalabad,Female,UnStitched Female Clothes
"Sialkot, Punjab",Female,UnStitched Female Clothes
"London, United Kingdom",Male,UnStitched Female Clothes
Faisalabad,Female,UnStitched Female Clothes
Taunsa,Female,UnStitched Female Clothes
"Swat, Pakistan",Female,UnStitched Female Clothes
"Peshawar, Pakistan",Female,UnStitched Female Clothes
"Quetta, Pakistan",Female,UnStitched Female Clothes
"Quetta, Pakistan",Female,UnStitched Female Clothes
Gujrat,Female,UnStitched Female Clothes
Moshi,Female,UnStitched Female Clothes
"Wah, Pakistan",Female,UnStitched Female Clothes
"Kingston, Jamaica",Female,UnStitched Female Clothes
Sargodha,Female,UnStitched Female Clothes
Dera Ghazi Khan,Male,UnStitched Female Clothes
Faisalabad,Female,UnStitched Female Clothes
"Karachi, Pakistan",Female,UnStitched Female Clothes
"Karachi, Pakistan",Female,UnStitched Female Clothes
Thuwal,Female,UnStitched Female Clothes
"Quetta, Pakistan",Female,UnStitched Female Clothes
"Sialkot, Punjab",Female,UnStitched Female Clothes
"Quetta, Pakistan",Male,UnStitched Female Clothes
"Ranipur, Pakistan",Female,UnStitched Female Clothes
"Karachi, Pakistan",Female,UnStitched Female Clothes
"Karachi, Pakistan",Female,UnStitched Female Clothes
"Karachi, Pakistan",Female,UnStitched Female Clothes
"Kohat, Pakistan",Female,UnStitched Female Clothes
"Karachi, Pakistan",Female,UnStitched Female Clothes
"Riyadh, Saudi Arabia",Male,UnStitched Female Clothes
"Lahore, Pakistan",Female,UnStitched Female Clothes
"Quetta, Pakistan",Female,UnStitched Female Clothes
"Karachi, Pakistan",Female,UnStitched Female Clothes
Al Ajman,Female,UnStitched Female Clothes
Sheikhupura,Female,UnStitched Female Clothes
Sargodha,Female,UnStitched Female Clothes
"Khairpur Lines, Sindh, Pakistan",Female,UnStitched Female Clothes
"Karachi, Pakistan",Female,UnStitched Female Clothes
"Lahore, Pakistan",Female,UnStitched Female Clothes
"Rawalpindi, Pakistan",Female,UnStitched Female Clothes
"Karachi, Pakistan",Female,UnStitched Female Clothes
"Peshawar, Pakistan",Female,UnStitched Female Clothes
"Karachi, Pakistan",Male,UnStitched Female Clothes
"Karachi, Pakistan",Female,UnStitched Female Clothes
"Lahore, Pakistan",Female,UnStitched Female Clothes
"Jeddah, Saudi Arabia",Female,UnStitched Female Clothes
"Larkana Lines, Sindh, Pakistan",Female,UnStitched Female Clothes
Multan,Male,UnStitched Female Clothes
"Shakargarr, Punjab, Pakistan",Female,UnStitched Female Clothes
"Hyderabad, Sindh",Female,UnStitched Female Clothes
"Sahiwal, Punjab, Pakistan",Female,UnStitched Female Clothes
"Lahore, Pakistan",Female,UnStitched Female Clothes
"Lahore, Pakistan",Female,UnStitched Female Clothes
Al Ajman,Female,UnStitched Female Clothes
"Karachi, Pakistan",Female,UnStitched Female Clothes
"Shikarpur, Pakistan",Female,UnStitched Female Clothes
"Manama, Bahrain",Female,UnStitched Female Clothes
"Larkana Lines, Sindh, Pakistan",Female,UnStitched Female Clothes
Tando Jam,Male,UnStitched Female Clothes
"Lahore, Pakistan",Female,UnStitched Female Clothes
"Lahore, Pakistan",Female,UnStitched Female Clothes
Faisalabad,Female,UnStitched Female Clothes
Höhr-Grenzhausen,Female,UnStitched Female Clothes
"Karachi, Pakistan",Female,UnStitched Female Clothes
"Riyadh, Saudi Arabia",Female,UnStitched Female Clothes
"Okara, Pakistan",Female,UnStitched Female Clothes
"Lahore, Pakistan",Female,UnStitched Female Clothes
"Rawalpindi, Pakistan",Female,UnStitched Female Clothes
"Hyderabad, Sindh",Female,UnStitched Female Clothes
"Karachi, Pakistan",Female,UnStitched Female Clothes
"Sahiwal, Punjab, Pakistan",Female,UnStitched Female Clothes
"Karachi, Pakistan",Female,UnStitched Female Clothes
Larkana,Female,UnStitched Female Clothes
"Lahore, Pakistan",Female,UnStitched Female Clothes
"Lahore, Pakistan",Female,UnStitched Female Clothes
"Gujranwala, Pakistan",Female,UnStitched Female Clothes
"Lahore, Pakistan",Female,UnStitched Female Clothes
"Quetta, Pakistan",Female,UnStitched Female Clothes
Burewala,Female,UnStitched Female Clothes
"Muscat, Oman",Female,UnStitched Female Clothes
Rahim Yar Khan,Female,UnStitched Female Clothes
Mardan,Female,UnStitched Female Clothes
"Karachi, Pakistan",Female,UnStitched Female Clothes
"Sukkur, Sindh",Male,UnStitched Female Clothes
"Karachi, Pakistan",Female,UnStitched Female Clothes
"Islamabad, Pakistan",Female,UnStitched Female Clothes
"Karachi, Pakistan",Female,UnStitched Female Clothes
"Mullica Hill, New Jersey",Female,UnStitched Female Clothes
"Lahore, Pakistan",Female,UnStitched Female Clothes
"Lahore, Pakistan",Female,UnStitched Female Clothes
"Jeddah, Saudi Arabia",Male,UnStitched Female Clothes
"Bangalore, India",Female,UnStitched Female Clothes
"Karachi, Pakistan",Female,UnStitched Female Clothes
"Karachi, Pakistan",Female,UnStitched Female Clothes
"Hyderabad Lines, Sindh, Pakistan",Female,UnStitched Female Clothes
"Peshawar, Pakistan",Female,UnStitched Female Clothes
"Sukkur Lines, Sindh, Pakistan",Male,UnStitched Female Clothes
Rahim Yar Khan,Female,UnStitched Female Clothes
"Rawalpindi, Pakistan",Female,UnStitched Female Clothes
"Dubai, United Arab Emirates",Female,UnStitched Female Clothes
"Peshawar, Pakistan",Female,UnStitched Female Clothes
"Lahore, Pakistan",Female,UnStitched Female Clothes
"Sukkur, Sindh",Female,UnStitched Female Clothes
"Karachi, Pakistan",Female,UnStitched Female Clothes
"Karachi, Pakistan",Female,UnStitched Female Clothes
"New York, New York",Female,UnStitched Female Clothes
Sargodha,Male,UnStitched Female Clothes
Sargodha,Female,UnStitched Female Clothes
"Lahore, Pakistan",Female,UnStitched Female Clothes
"Islamabad, Pakistan",Female,UnStitched Female Clothes
"Lahore, Pakistan",Female,UnStitched Female Clothes
Multan,Female,UnStitched Female Clothes
"Lahore, Pakistan",Female,UnStitched Female Clothes
Gujrat,Male,UnStitched Female Clothes
"Sialkot, Punjab",Female,UnStitched Female Clothes
Multan,Female,UnStitched Female Clothes
"Hyderabad, Sindh",Female,UnStitched Female Clothes
"Pointe-Noire, Congo",Female,UnStitched Female Clothes
Bahawalpur,Female,UnStitched Female Clothes
"Barcelona, Spain",Male,UnStitched Female Clothes
"Karachi, Pakistan",Female,UnStitched Female Clothes
"Karachi, Pakistan",Female,UnStitched Female Clothes
"Tharu Shah, Sindh, Pakistan",Female,UnStitched Female Clothes
Taxila,Female,UnStitched Female Clothes
"Islamabad, Pakistan",Female,UnStitched Female Clothes
"Jhelum, Punjab",Female,UnStitched Female Clothes
"Karachi, Pakistan",Female,UnStitched Female Clothes
"Islamabad, Pakistan",Female,UnStitched Female Clothes
Larkana,Female,UnStitched Female Clothes
"Karachi, Pakistan",Female,UnStitched Female Clothes
"Islamabad, Pakistan",Female,UnStitched Female Clothes
Nawabshah,Female,UnStitched Female Clothes
"Medina, Saudi Arabia",Male,UnStitched Female Clothes
Multan,Female,UnStitched Female Clothes
"Karachi, Pakistan",Female,UnStitched Female Clothes
"Islamabad, Pakistan",Female,UnStitched Female Clothes
Nowshera,Male,UnStitched Female Clothes
"Karachi, Pakistan",Female,UnStitched Female Clothes
Narowal,Female,UnStitched Female Clothes
"Lahore, Pakistan",Female,UnStitched Female Clothes
Mandi Bahauddin,Female,UnStitched Female Clothes
Kharian,Female,UnStitched Female Clothes
Rahim Yar Khan,Male,UnStitched Female Clothes
"Islamabad, Pakistan",Female,UnStitched Female Clothes
"Karachi, Pakistan",Female,UnStitched Female Clothes
"Karachi, Pakistan",Female,UnStitched Female Clothes
"Karachi, Pakistan",Male,UnStitched Female Clothes
"Karachi, Pakistan",Female,UnStitched Female Clothes
"Lahore, Pakistan",Female,UnStitched Female Clothes
"Hazara, Khyber Pakhtunkhwa, Pakistan",Female,UnStitched Female Clothes
"Islamabad, Pakistan",Female,UnStitched Female Clothes
"Sialkot, Punjab",Male,UnStitched Female Clothes
"Nazimabad, Sindh, Pakistan",Female,UnStitched Female Clothes
Gujrat,Female,UnStitched Female Clothes
Talagang,Male,UnStitched Female Clothes
"Lahore, Pakistan",Female,UnStitched Female Clothes
"Peshawar, Pakistan",Female,UnStitched Female Clothes
"Sahiwal, Punjab, Pakistan",Female,UnStitched Female Clothes
Mardan,Female,UnStitched Female Clothes
"Usa, Arusha, Tanzania",Female,UnStitched Female Clothes
"Lahore, Pakistan",Female,UnStitched Female Clothes
"Lahore, Pakistan",Female,UnStitched Female Clothes
"Gujranwala, Pakistan",Male,Shoes for Female 
"Karachi, Pakistan",Female,Shoes for Female 
"Lahore, Pakistan",Female,Shoes for Female 
"Lahore, Pakistan",Female,Shoes for Female 
"Lahore, Pakistan",Female,Shoes for Female 
"Chakwal, Pakistan",Female,Shoes for Female 
Bannu,Female,Shoes for Female 
"Karachi, Pakistan",Female,Shoes for Female 
"Karachi, Pakistan",Female,Shoes for Female 
"Peshawar, Pakistan",Female,Shoes for Female 
Kharian,Male,Shoes for Female 
"Lahore, Pakistan",Female,Shoes for Female 
"Rawalpindi, Pakistan",Female,Shoes for Female 
Dera Ismail Khan,Female,Shoes for Female 
"Lahore, Pakistan",Female,Shoes for Female 
"Karachi, Pakistan",Female,Shoes for Female 
"Peshawar, Pakistan",Female,Shoes for Female 
"Lahore, Pakistan",Female,Shoes for Female 
Liaquatpur,Female,Shoes for Female 
"Lahore, Pakistan",Male,Shoes for Female 
"Lahore, Pakistan",Female,Shoes for Female 
"Karachi, Pakistan",Female,Shoes for Female 
"Karachi, Pakistan",Female,Shoes for Female 
"Lahore, Pakistan",Female,Shoes for Female 
"Lahore, Pakistan",Female,Shoes for Female 
"Jhelum, Punjab",Female,Shoes for Female 
"Islamabad, Pakistan",Male,Shoes for Female 
"Karachi, Pakistan",Female,Shoes for Female 
"Karachi, Pakistan",Female,Shoes for Female 
Kasur,Female,Shoes for Female 
"Shah Faisalabad, Punjab, Pakistan",Female,Shoes for Female 
"Islamabad, Pakistan",Female,Shoes for Female 
"Karachi, Pakistan",Female,Shoes for Female 
"Karachi, Pakistan",Female,Shoes for Female 
Faisalabad,Female,Shoes for Female 
"Cologne, Germany",Male,Shoes for Female 
"Shahdadpur, Sindh, Pakistan",Female,Shoes for Female 
Sargodha,Female,Shoes for Female 
"Peshawar, Pakistan",Female,Shoes for Female 
"Karachi, Pakistan",Female,Shoes for Female 
"Lahore, Pakistan",Female,Shoes for Female 
"Karachi, Pakistan",Male,Shoes for Female 
"Lahore, Pakistan",Female,Shoes for Female 
Chiniot,Female,Shoes for Female 
Kasur,Female,Shoes for Female 
"Makli, Sindh, Pakistan",Female,Shoes for Female 
Mian Channun,Female,Shoes for Female 
Dera Ghazi Khan,Female,Shoes for Female 
"Lahore, Pakistan",Female,Shoes for Female 
"Karachi, Pakistan",Female,Shoes for Female 
"Islamabad, Pakistan",Female,Shoes for Female 
"Peshawar, Pakistan",Female,Shoes for Female 
"Lahore, Pakistan",Female,Shoes for Female 
"Islamabad, Pakistan",Female,Shoes for Female 
"Lahore, Pakistan",Male,Shoes for Female 
"Karachi, Pakistan",Female,Shoes for Female 
"Jhang Sadar, Punjab, Pakistan",Female,Shoes for Female 
"Islamabad, Pakistan",Female,Shoes for Female 
"Jeddah, Saudi Arabia",Female,Shoes for Female 
"Karachi, Pakistan",Female,Shoes for Female 
"Karachi, Pakistan",Female,Shoes for Female 
"Lahore, Pakistan",Female,Shoes for Female 
Chichawatni,Female,Shoes for Female 
"Mandi Burewala, Punjab, Pakistan",Female,Shoes for Female 
"Karachi, Pakistan",Female,Shoes for Female 
"Lahore, Pakistan",Female,Shoes for Female 
Chiniot,Female,Shoes for Female 
"Lahore, Pakistan",Male,Shoes for Female 
"Islamabad, Pakistan",Male,Shoes for Female 
"Gujranwala, Pakistan",Female,Shoes for Female 
"Lahore, Pakistan",Female,Shoes for Female 
"Karachi, Pakistan",Female,Shoes for Female 
"Karachi, Pakistan",Female,Shoes for Female 
"Lahore, Pakistan",Female,Shoes for Female 
"Karachi, Pakistan",Female,Shoes for Female 
Mansehra,Male,Shoes for Female 
"Chakwal, Pakistan",Female,Shoes for Female 
"Chakwal, Pakistan",Female,Shoes for Female 
"Karachi, Pakistan",Female,Shoes for Female 
pindi,Female,Shoes for Female 
"Lahore, Pakistan",Female,Shoes for Female 
"Hyderabad, Sindh",Female,Shoes for Female 
"Lahore, Pakistan",Female,Shoes for Female 
"Gujranwala, Pakistan",Female,Shoes for Female 
"Islamabad, Pakistan",Female,Shoes for Female 
"Rawalpindi, Pakistan",Female,Shoes for Female 
"Jeddah, Saudi Arabia",Female,Shoes for Female 
"Lahore, Pakistan",Female,Shoes for Female 
"Hyderabad, Sindh",Male,Shoes for Female 
"Peshawar, Pakistan",Female,Shoes for Female 
"Sialkot, Punjab",Male,Shoes for Female 
"Karachi, Pakistan",Female,Shoes for Female 
"Samanabad, Punjab, Pakistan",Male,Shoes for Female 
"Karachi, Pakistan",Female,Shoes for Female 
"Karachi, Pakistan",Female,Shoes for Female 
"Karachi, Pakistan",Female,Shoes for Female 
"Vantaa, Finland",Female,Shoes for Female 
"Islamabad, Pakistan",Female,Shoes for Female 
"Karachi, Pakistan",Female,Shoes for Female 
"Jam Shoro, Sindh, Pakistan",Female,Shoes for Female 
"Peshawar, Pakistan",Female,Shoes for Female 
Faisalabad,Female,Shoes for Female 
"Lahore, Pakistan",Female,Shoes for Female 
"Karachi, Pakistan",Female,Shoes for Female 
"Sahiwal, Punjab, Pakistan",Female,Shoes for Female 
Faisalabad,Female,Shoes for Female 
"Lahore, Pakistan",Female,Shoes for Female 
"Karachi, Pakistan",Female,Shoes for Female 
"Islamabad, Pakistan",Female,Shoes for Female 
"Islamabad, Pakistan",Female,Shoes for Female 
"Karachi, Pakistan",Female,Shoes for Female 
"Karachi, Pakistan",Female,Shoes for Female 
Faisalabad,Female,Shoes for Female 
Multan,Female,Shoes for Female 
"Jeddah, Saudi Arabia",Female,Shoes for Female 
"Sialkot, Punjab",Female,Shoes for Female 
Multan,Female,Shoes for Female 
"Karachi, Pakistan",Female,Shoes for Female 
"Gujranwala, Pakistan",Female,Shoes for Female 
Rohri,Female,Shoes for Female 
"Karachi, Pakistan",Female,Shoes for Female 
"Arifwala, Pakistan",Male,Shoes for Female 
"Karachi, Pakistan",Female,Shoes for Female 
"Lahore, Pakistan",Female,Shoes for Female 
"Islamabad, Pakistan",Male,Shoes for Female 
"Lahore, Pakistan",Female,Shoes for Female 
Faisalabad,Female,Shoes for Female 
"Lahore, Pakistan",Female,Shoes for Female 
"Okara, Pakistan",Female,Shoes for Female 
Bahawalpur,Female,Shoes for Female 
"Sialkot, Punjab",Female,Shoes for Female 
"Peshawar, Pakistan",Female,Shoes for Female 
Muzaffargarh,Female,Shoes for Female 
Faisalabad,Female,Shoes for Female 
"Karachi, Pakistan",Female,Shoes for Female 
"Islamabad, Pakistan",Female,Shoes for Female 
Mardan,Female,Shoes for Female 
"Hyderabad, Sindh",Female,Shoes for Female 
Gojra,Female,Shoes for Female 
"Karachi, Pakistan",Female,Shoes for Female 
"Lahore, Pakistan",Female,Shoes for Female 
"Lahore, Pakistan",Female,Shoes for Female 
"Karachi, Pakistan",Female,Shoes for Female 
"Islamabad, Pakistan",Female,Shoes for Female 
Faisalabad,Female,Shoes for Female 
"Karachi, Pakistan",Female,Shoes for Female 
Multan,Male,Shoes for Female 
Mirpur Khas,Male,Shoes for Female 
Sargodha,Female,Shoes for Female 
"Lahore, Pakistan",Female,Shoes for Female 
Faisalabad,Female,Shoes for Female 
"Islamabad, Pakistan",Female,Shoes for Female 
"Karachi, Pakistan",Female,Shoes for Female 
"Umarkot, Sindh, Pakistan",Male,Casual Wear For Females
"Islamabad, Pakistan",Female,Casual Wear For Females
"Hyderabad Lines, Sindh, Pakistan",Male,Casual Wear For Females
Abbottabad,Male,Casual Wear For Females
Faisalabad,Male,Casual Wear For Females
Multan,Male,Casual Wear For Females
Onitsha,Female,Casual Wear For Females
"Lahore, Pakistan",Male,Casual Wear For Females
"New York, New York",Male,Casual Wear For Females
"Karachi, Pakistan",Male,Casual Wear For Females
Kot Addu,Male,Casual Wear For Females
"Khairpur Nathan Shah, Sindh, Pakistan",Male,Casual Wear For Females
Multan,Male,Casual Wear For Females
"Nawan Jandanwala, Punjab, Pakistan",Male,Casual Wear For Females
Chilas,Male,Casual Wear For Females
Pakpattan,Male,Casual Wear For Females
"Sukkur, Sindh",Male,Casual Wear For Females
Sarai Naurang,Male,Casual Wear For Females
"Lahore, Pakistan",Male,Casual Wear For Females
"Karachi, Pakistan",Male,Casual Wear For Females
"Islamabad, Pakistan",Male,Casual Wear For Females
"Karachi, Pakistan",Male,Casual Wear For Females
"Peshawar, Pakistan",Male,Casual Wear For Females
"Peshawar, Pakistan",Male,Casual Wear For Females
"Tharu Shah, Sindh, Pakistan",Male,Casual Wear For Females
Mansehra,Male,Casual Wear For Females
"Bandhi, Sindh, Pakistan",Male,Casual Wear For Females
Faisalabad,Male,Casual Wear For Females
"Lahore, Pakistan",Male,Casual Wear For Females
Bannu,Male,Casual Wear For Females
Shangla,Male,Casual Wear For Females
Mansehra,Male,Casual Wear For Females
"Peshawar, Pakistan",Male,Casual Wear For Females
Nari Shumali,Male,Casual Wear For Females
Chitral,Male,Casual Wear For Females
"Karachi, Pakistan",Male,Casual Wear For Females
Nawabshah,Male,Casual Wear For Females
"Sukkur, Sindh",Male,Casual Wear For Females
Ghotki,Male,Casual Wear For Females
"Peshawar, Pakistan",Male,Casual Wear For Females
"London, United Kingdom",Male,Casual Wear For Females
"Peshawar, Pakistan",Male,Casual Wear For Females
"Dhaka, Bangladesh",Male,Casual Wear For Females
"Tando Mohammad Khan, Sindh, Pakistan",Male,Casual Wear For Females
"Tank, Pakistan",Male,Casual Wear For Females
"Rawalpindi, Pakistan",Male,Casual Wear For Females
"Karachi, Pakistan",Male,Casual Wear For Females
Chilas,Male,Casual Wear For Females
"Karachi, Pakistan",Male,Casual Wear For Females
"Islamabad, Pakistan",Female,Casual Wear For Females
"Rawalpindi, Pakistan",Female,Casual Wear For Females
"Islamabad, Pakistan",Female,Casual Wear For Females
"Melbourne, Victoria, Australia",Female,Casual Wear For Females
"Lahore, Pakistan",Female,Casual Wear For Females
Faisalabad,Female,Casual Wear For Females
"Islamabad, Pakistan",Female,Casual Wear For Females
"Sukkur, Sindh",Female,Casual Wear For Females
Faisalabad,Female,Casual Wear For Females
Murree,Female,Casual Wear For Females
"Rawalpindi, Pakistan",Female,Casual Wear For Females
"Islamabad, Pakistan",Female,Casual Wear For Females
"Lahore, Pakistan",Female,Casual Wear For Females
"Lahore, Pakistan",Female,Casual Wear For Females
"Karachi, Pakistan",Female,Casual Wear For Females
"Rawalpindi, Pakistan",Female,Casual Wear For Females
"New York, New York",Female,Casual Wear For Females
"Sydney, Australia",Female,Casual Wear For Females
"Islamabad, Pakistan",Female,Casual Wear For Females
"Karachi, Pakistan",Male,Casual Wear For Females
Rahim Yar Khan,Female,Casual Wear For Females
"Karachi, Pakistan",Male,Casual Wear For Females
"Lahore, Pakistan",Female,Casual Wear For Females
"Karachi, Pakistan",Female,Casual Wear For Females
Multan,Female,Casual Wear For Females
"Victoria, Seychelles",Female,Casual Wear For Females
Multan,Female,Casual Wear For Females
"Karachi, Pakistan",Female,Casual Wear For Females
"Lahore, Pakistan",Female,Casual Wear For Females
"Islamabad, Pakistan",Male,Casual Wear For Females
"Karachi, Pakistan",Female,Casual Wear For Females
"Shah Faisalabad, Punjab, Pakistan",Female,Casual Wear For Females
"Kuala Lumpur, Malaysia",Female,Casual Wear For Females
"London, United Kingdom",Female,Casual Wear For Females
"Lahore, Pakistan",Female,Casual Wear For Females
"Lahore, Pakistan",Female,Casual Wear For Females
"Mississauga, Ontario",Female,Casual Wear For Females
"Islamabad, Pakistan",Female,Casual Wear For Females
Multan,Male,Casual Wear For Females
"Karachi, Pakistan",Male,Casual Wear For Females
"Lahore, Pakistan",Female,Casual Wear For Females
Faisalabad,Female,Casual Wear For Females
"Ashford, Kent",Female,Casual Wear For Females
"Karachi, Pakistan",Female,Casual Wear For Females
Baffa,Female,Casual Wear For Females
"Hamburg, Germany",Male,Casual Wear For Females
"Karachi, Pakistan",Female,Casual Wear For Females
"Mirpur, Azad Kashmir",Female,Casual Wear For Females
"Sahiwal, Punjab, Pakistan",Male,Casual Wear For Females
"Islamabad, Pakistan",Female,Casual Wear For Females
"Lahore, Pakistan",Female,Casual Wear For Females
"Lahore, Pakistan",Female,Casual Wear For Females
"Rawalpindi West Ridge, Punjab, Pakistan",Female,Casual Wear For Females
"Lahore, Pakistan",Female,Casual Wear For Females
"Lahore, Pakistan",Female,Casual Wear For Females
"Islamabad, Pakistan",Male,Casual Wear For Females
"Lahore, Pakistan",Female,Casual Wear For Females
"Karachi, Pakistan",Female,Casual Wear For Females
"Karachi, Pakistan",Female,Casual Wear For Females
"Riyadh, Saudi Arabia",Female,Casual Wear For Females
"Islamabad, Pakistan",Female,Casual Wear For Females
"Karachi, Pakistan",Female,Casual Wear For Females
"Karachi, Pakistan",Female,Casual Wear For Females
"Karachi, Pakistan",Female,Casual Wear For Females
"Lahore, Pakistan",Female,Casual Wear For Females
"Karachi, Pakistan",Female,Casual Wear For Females
"Austin, Texas",Female,Casual Wear For Females
"Islamabad, Pakistan",Female,Casual Wear For Females
"Islamabad, Pakistan",Female,Casual Wear For Females
"Karachi, Pakistan",Female,Casual Wear For Females
"Karachi, Pakistan",Female,Casual Wear For Females
"Lahore, Pakistan",Female,Casual Wear For Females
"Albuquerque, New Mexico",Female,Casual Wear For Females
"Karachi, Pakistan",Female,Casual Wear For Females
"Islamabad, Pakistan",Female,Casual Wear For Females
"Dubai, United Arab Emirates",Male,Casual Wear For Females
"Islamabad, Pakistan",Female,Casual Wear For Females
"Islamabad, Pakistan",Female,Casual Wear For Females
"Islamabad, Pakistan",Female,Casual Wear For Females
"Islamabad, Pakistan",Female,Casual Wear For Females
Faisalabad,Female,Casual Wear For Females
"Karachi, Pakistan",Female,Accessories for Female 
"Karachi, Pakistan",Female,Accessories for Female 
"Karachi, Pakistan",Female,Accessories for Female 
"Karachi, Pakistan",Female,Accessories for Female 
Faisalabad,Female,Accessories for Female 
Sanghar,Female,Accessories for Female 
"Quetta, Pakistan",Female,Accessories for Female 
"Karachi, Pakistan",Female,Accessories for Female 
Sheikhupura,Female,Accessories for Female 
"Rawalpindi, Pakistan",Female,Accessories for Female 
"Karachi, Pakistan",Female,Accessories for Female 
"Karachi, Pakistan",Female,Accessories for Female 
"New York, New York",Female,Accessories for Female 
Layyah,Female,Accessories for Female 
"Karachi, Pakistan",Female,Accessories for Female 
"Rawalpindi, Pakistan",Female,Accessories for Female 
"Karachi, Pakistan",Female,Accessories for Female 
"Karachi, Pakistan",Female,Accessories for Female 
Abbottabad,Female,Accessories for Female 
"Karachi, Pakistan",Female,Accessories for Female 
"Islamabad, Pakistan",Female,Accessories for Female 
"Lahore, Pakistan",Female,Accessories for Female 
"Lahore, Pakistan",Female,Accessories for Female 
"Lahore, Pakistan",Male,Accessories for Female 
"Lahore, Pakistan",Female,Accessories for Female 
"Peshawar, Pakistan",Female,Accessories for Female 
"Lahore, Pakistan",Female,Accessories for Female 
"Lahore, Pakistan",Female,Accessories for Female 
"Lahore, Pakistan",Female,Accessories for Female 
"Al Arin, Abha, Kingdom of Saudi Arabia",Female,Accessories for Female 
"London, United Kingdom",Female,Accessories for Female 
"Gujranwala, Pakistan",Female,Accessories for Female 
"Gujranwala, Pakistan",Male,Accessories for Female 
"Lahore, Pakistan",Female,Accessories for Female 
"Lahore, Pakistan",Female,Accessories for Female 
"Lahore, Pakistan",Female,Accessories for Female 
"Karachi, Pakistan",Female,Accessories for Female 
"Medina, Saudi Arabia",Male,Accessories for Female 
"Rawalpindi, Pakistan",Female,Accessories for Female 
"Lahore, Pakistan",Male,Accessories for Female 
Bannu,Female,Accessories for Female 
Sargodha,Male,Accessories for Female 
"Lahore, Pakistan",Female,Accessories for Female 
"Lahore, Pakistan",Female,Accessories for Female 
"Lahore, Pakistan",Male,Accessories for Female 
"Lahore, Pakistan",Male,Accessories for Female 
"Lahore, Pakistan",Female,Accessories for Female 
"Lahore, Pakistan",Male,Accessories for Female 
"Lahore, Pakistan",Female,Accessories for Female 
"Karachi, Pakistan",Female,Accessories for Female 
Pind Dadan Khan,Female,Accessories for Female 
"Karachi, Pakistan",Female,Accessories for Female 
"Karachi, Pakistan",Female,Accessories for Female 
"Sialkot, Punjab",Female,Accessories for Female 
"Wah, Pakistan",Female,Accessories for Female 
"Dubai, United Arab Emirates",Male,Accessories for Female 
"Lahore, Pakistan",Female,Accessories for Female 
"Islamabad, Pakistan",Female,Accessories for Female 
"Karachi, Pakistan",Female,Accessories for Female 
"Karachi, Pakistan",Female,Accessories for Female 
"Karachi, Pakistan",Female,Accessories for Female 
"Lahore, Pakistan",Female,Accessories for Female 
"Karachi, Pakistan",Female,Accessories for Female 
"Islamabad, Pakistan",Female,Accessories for Female 
Multan,Male,Accessories for Female 
"Karachi, Pakistan",Female,Accessories for Female 
"Peshawar, Pakistan",Female,Accessories for Female 
Sharjah,Female,Accessories for Female 
"Haripur, Pakistan",Female,Accessories for Female 
Sargodha,Female,Accessories for Female 
"Rawalpindi, Pakistan",Female,Accessories for Female 
"Lahore, Pakistan",Female,Accessories for Female 
"Karachi, Pakistan",Female,Accessories for Female 
Faisalabad,Female,Accessories for Female 
"Karachi, Pakistan",Female,Accessories for Female 
"Hala Nawa, Sindh, Pakistan",Female,Accessories for Female 
"Khanpur Janubi, Punjab, Pakistan",Female,Accessories for Female 
"Karachi, Pakistan",Female,Accessories for Female 
"Sialkot, Punjab",Female,Accessories for Female 
"Karachi, Pakistan",Female,Accessories for Female 
"Karachi, Pakistan",Female,Accessories for Female 
Multan,Male,Accessories for Female 
"Shahkot, Pakistan",Male,Accessories for Female 
Faisalabad,Male,Accessories for Female 
Faisalabad,Female,Accessories for Female 
"Karachi, Pakistan",Female,Accessories for Female 
"Karachi, Pakistan",Female,Accessories for Female 
"Sialkot, Punjab",Female,Accessories for Female 
"Lahore, Pakistan",Female,Accessories for Female 
"Hyderabad, Sindh",Female,Accessories for Female 
"Karachi, Pakistan",Female,Accessories for Female 
"Karachi, Pakistan",Female,Accessories for Female 
Faisalabad,Female,Accessories for Female 
Thatta,Female,Accessories for Female 
"Lahore, Pakistan",Female,Accessories for Female 
"Karachi, Pakistan",Female,Accessories for Female 
Khairpur,Female,Accessories for Female 
"Karachi, Pakistan",Female,Accessories for Female 
"Karachi, Pakistan",Female,Accessories for Female 
"Khairpur Nathan Shah, Sindh, Pakistan",Female,Accessories for Female 
"Karachi, Pakistan",Female,Accessories for Female 
Faisalabad,Female,Accessories for Female 
"Karachi, Pakistan",Female,Accessories for Female 
"Karachi, Pakistan",Female,Accessories for Female 
"Karachi, Pakistan",Female,Accessories for Female 
"Karachi, Pakistan",Female,Accessories for Female 
"Pacca Chang, Sindh, Pakistan",Female,Accessories for Female 
"Istanbul, Turkey",Male,Accessories for Female 
"Karachi, Pakistan",Female,Accessories for Female 
"Lahore, Pakistan",Female,Accessories for Female 
"Karachi, Pakistan",Female,Accessories for Female 
"Islamabad, Pakistan",Female,Accessories for Female 
"Quetta, Pakistan",Female,Accessories for Female 
"Karachi, Pakistan",Female,Accessories for Female 
"Lahore, Pakistan",Female,Accessories for Female 
"Lahore, Pakistan",Female,Accessories for Female 
"Lahore, Pakistan",Female,Stitched Clothes for female 
"Karachi, Pakistan",Female,Stitched Clothes for female 
"Melbourne, Victoria, Australia",Female,Stitched Clothes for female 
"Rawalpindi, Pakistan",Female,Stitched Clothes for female 
"Lahore, Pakistan",Female,Stitched Clothes for female 
"Dubai, United Arab Emirates",Female,Stitched Clothes for female 
"Islamabad, Pakistan",Female,Stitched Clothes for female 
"Rawalpindi, Pakistan",Female,Stitched Clothes for female 
"Lahore, Pakistan",Female,Stitched Clothes for female 
"Lahore, Pakistan",Female,Stitched Clothes for female 
"Lahore, Pakistan",Female,Stitched Clothes for female 
"Lahore, Pakistan",Female,Stitched Clothes for female 
"Adelaide, South Australia",Female,Stitched Clothes for female 
Multan,Female,Stitched Clothes for female 
"Karachi, Pakistan",Female,Stitched Clothes for female 
Multan,Female,Stitched Clothes for female 
"Gujranwala, Pakistan",Female,Stitched Clothes for female 
"Lahore, Pakistan",Female,Stitched Clothes for female 
"Karachi, Pakistan",Female,Stitched Clothes for female 
"Rawalpindi, Pakistan",Female,Stitched Clothes for female 
"Lahore, Pakistan",Female,Stitched Clothes for female 
Faisalabad,Female,Stitched Clothes for female 
"Dubai, United Arab Emirates",Male,Stitched Clothes for female 
"Islamabad, Pakistan",Male,Stitched Clothes for female 
"Karachi, Pakistan",Female,Stitched Clothes for female 
"Gaborone, Botswana",Male,Stitched Clothes for female 
"Lahore, Pakistan",Female,Stitched Clothes for female 
"Lahore, Pakistan",Female,Stitched Clothes for female 
"Karachi, Pakistan",Female,Stitched Clothes for female 
"Karachi, Pakistan",Male,Stitched Clothes for female 
"Lahore, Pakistan",Male,Stitched Clothes for female 
"Lahore, Pakistan",Female,Stitched Clothes for female 
"Lahore, Pakistan",Male,Stitched Clothes for female 
Gujrat,Male,Stitched Clothes for female 
"Rakh Hafizabad, Punjab, Pakistan",Male,Stitched Clothes for female 
"Karachi, Pakistan",Male,Stitched Clothes for female 
Abbottabad,Female,Stitched Clothes for female 
Abbottabad,Female,Stitched Clothes for female 
Multan,Female,Stitched Clothes for female 
Mardan,Male,Stitched Clothes for female 
"Karachi, Pakistan",Male,Stitched Clothes for female 
"Lahore, Pakistan",Female,Stitched Clothes for female 
Faisalabad,Female,Stitched Clothes for female 
"Peshawar, Pakistan",Female,Stitched Clothes for female 
"Khas Dir, Pakistan",Male,Stitched Clothes for female 
"Dubai, United Arab Emirates",Female,Stitched Clothes for female 
"Karachi, Pakistan",Male,Stitched Clothes for female 
"Hunza, Northern Areas, Pakistan",Female,Stitched Clothes for female 
"Karachi, Pakistan",Female,Stitched Clothes for female 
"Hyderabad, Sindh",Female,Stitched Clothes for female 
"Lahore, Pakistan",Female,Stitched Clothes for female 
Faisalabad,Female,Stitched Clothes for female 
"Hyderabad, Sindh",Female,Stitched Clothes for female 
"Karachi, Pakistan",Female,Stitched Clothes for female 
"Xian, China",Female,Stitched Clothes for female 
"Lahore, Pakistan",Male,Stitched Clothes for female 
"Shah Faisalabad, Punjab, Pakistan",Female,Stitched Clothes for female 
"Karachi, Pakistan",Female,Stitched Clothes for female 
"Karachi, Pakistan",Male,Stitched Clothes for female 
"Nairobi, Kenya",Female,Stitched Clothes for female 
Nawabshah,Male,Stitched Clothes for female 
Faisalabad,Female,Stitched Clothes for female 
Bahawalpur,Male,Stitched Clothes for female 
"Lahore, Pakistan",Female,Stitched Clothes for female 
"Hyderabad, Sindh",Male,Stitched Clothes for female 
Hyderabad,Female,Stitched Clothes for female 
"Islamabad, Pakistan",Female,Stitched Clothes for female 
"Karachi, Pakistan",Female,Stitched Clothes for female 
Pakpattan,Female,Stitched Clothes for female 
Faisalabad,Female,Stitched Clothes for female 
"Karachi, Pakistan",Female,Stitched Clothes for female 
"Islamabad, Pakistan",Female,Stitched Clothes for female 
Faisalabad,Male,Stitched Clothes for female 
"Lahore, Pakistan",Female,Stitched Clothes for female 
Swabi,Female,Stitched Clothes for female 
Gujrat,Female,Stitched Clothes for female 
Faisalabad,Female,Stitched Clothes for female 
"Wah, Pakistan",Female,Stitched Clothes for female 
"Lahore, Pakistan",Female,Stitched Clothes for female 
"Lahore, Pakistan",Female,Stitched Clothes for female 
"Karachi, Pakistan",Female,Stitched Clothes for female 
"Karachi, Pakistan",Female,Stitched Clothes for female 
"Karachi, Pakistan",Female,Stitched Clothes for female 
"Nowshera Lines, Sindh, Pakistan",Male,Stitched Clothes for female 
Hasilpur,Male,Stitched Clothes for female 
"Quetta, Pakistan",Male,Stitched Clothes for female 
"Karachi, Pakistan",Female,Stitched Clothes for female 
"Karachi, Pakistan",Female,Stitched Clothes for female 
Faisalabad,Female,Stitched Clothes for female 
Nawabshah,Female,Stitched Clothes for female 
"Toba Tek Singh, Pakistan",Female,Stitched Clothes for female 
"Shanghai, China",Female,Stitched Clothes for female 
Hasilpur,Male,Stitched Clothes for female 
"Okara, Pakistan",Female,Stitched Clothes for female 
Bahawalpur,Female,Stitched Clothes for female 
"Islamabad, Pakistan",Female,Stitched Clothes for female 
Muzaffarabad,Female,Stitched Clothes for female 
Bahawalpur,Female,Stitched Clothes for female 
"Islamabad, Pakistan",Male,Stitched Clothes for female 
"Islamabad, Pakistan",Female,Stitched Clothes for female 
"Sialkot, Punjab",Male,Stitched Clothes for female 
"Kohat, Pakistan",Female,Stitched Clothes for female 
"Brussels, Belgium",Male,Stitched Clothes for female 
"Islamabad, Pakistan",Female,Stitched Clothes for female 
"Islamabad, Pakistan",Female,Stitched Clothes for female 
Faisalabad,Male,Stitched Clothes for female 
"Islamabad, Pakistan",Female,Stitched Clothes for female 
"Lahore, Pakistan",Female,Stitched Clothes for female 
"Karachi, Pakistan",Female,Stitched Clothes for female 
Talagang,Female,Stitched Clothes for female 
"Gilgit, Pakistan",Female,Stitched Clothes for female 
"Lahore, Pakistan",Female,Stitched Clothes for female 
"Karachi, Pakistan",Female,Stitched Clothes for female 
"Karachi, Pakistan",Female,Stitched Clothes for female 
"Karachi, Pakistan",Female,Stitched Clothes for female 
"Gujranwala, Pakistan",Female,Stitched Clothes for female 
"Nairobi, Kenya",Female,Stitched Clothes for female 
"Rawalpindi, Pakistan",Female,Stitched Clothes for female 
"Sialkot, Punjab",Female,Stitched Clothes for female 
"Lahore, Pakistan",Female,Stitched Clothes for female 
"Karachi, Pakistan",Female,Stitched Clothes for female 
"Lahore, Pakistan",Female,Stitched Clothes for female 
"Karachi, Pakistan",Female,Stitched Clothes for female 
"Peshawar, Pakistan",Female,Stitched Clothes for female 
"Shikarpur, Pakistan",Female,Stitched Clothes for female 
"Lahore, Pakistan",Female,Stitched Clothes for female 
"Peshawar, Pakistan",Female,Stitched Clothes for female 
"Lahore, Pakistan",Male,Stitched Clothes for female 
"Sukkur, Sindh",Female,Stitched Clothes for female 
"Hyderabad, Sindh",Female,Stitched Clothes for female 
"Quetta, Pakistan",Female,Stitched Clothes for female 
"Karachi, Pakistan",Female,Stitched Clothes for female 
"Arifwala, Pakistan",Female,Stitched Clothes for female 
"Karachi, Pakistan",Female,Stitched Clothes for female 
"Karachi, Pakistan",Female,Stitched Clothes for female 
"Karachi, Pakistan",Female,Stitched Clothes for female 
Sharjah,Female,Stitched Clothes for female 
"Rawalpindi, Pakistan",Male,Stitched Clothes for female 
"Karachi, Pakistan",Female,Stitched Clothes for female 
"Peshawar, Pakistan",Male,Stitched Clothes for female 
"Dubai, United Arab Emirates",Female,Stitched Clothes for female 
Bahawalpur,Male,Stitched Clothes for female 
"Toba Tek Singh, Pakistan",Male,Stitched Clothes for female 
"Mecca, Saudi Arabia",Female,Stitched Clothes for female 
Faisalabad,Female,Stitched Clothes for female 
"Karachi, Pakistan",Male,Stitched Clothes for female 
"Karachi, Pakistan",Female,Stitched Clothes for female 
Malir,Female,Stitched Clothes for female 
Faisalabad,Female,Stitched Clothes for female 
Sargodha,Male,Stitched Clothes for female 
"Islamabad, Pakistan",Female,Stitched Clothes for female 
"Karachi, Pakistan",Female,Stitched Clothes for female 
"Lahore, Pakistan",Female,Stitched Clothes for female 
"Dubai, United Arab Emirates",Female,Stitched Clothes for female 
"Islamabad, Pakistan",Female,Stitched Clothes for female 
"Makli, Sindh, Pakistan",Female,Stitched Clothes for female 
Islamabad,Female,Stitched Clothes for female 
"Lahore, Pakistan",Female,Stitched Clothes for female 
"Quetta, Pakistan",Female,Stitched Clothes for female 
Bannu,Male,Stitched Clothes for female 
"Hyderabad, Sindh",Female,Stitched Clothes for female 
"Lahore, Pakistan",Female,Stitched Clothes for female 
"Sukkur, Sindh",Female,Stitched Clothes for female 
"Haripur, Pakistan",Female,Stitched Clothes for female 
"Karachi, Pakistan",Male,Stitched Clothes for female 
"Lahore, Pakistan",Female,Stitched Clothes for female 
"Dubai, United Arab Emirates",Female,Stitched Clothes for female 
"Islamabad, Pakistan",Female,Stitched Clothes for female 
"Utsunomiya, Tochigi",Male,Stitched Clothes for female 
"Sukkur, Sindh",Female,Stitched Clothes for female 
"Karachi, Pakistan",Female,Stitched Clothes for female 
"Melbourne, Victoria, Australia",Female,Stitched Clothes for female 
"Mang, Azad Kashmir, Pakistan",Female,Stitched Clothes for female 
"Siegen, Germany",Female,Stitched Clothes for Male 
"Gujranwala, Pakistan",Male,Stitched Clothes for Male 
Sargodha,Male,Stitched Clothes for Male 
Sargodha,Male,Stitched Clothes for Male 
"Karachi, Pakistan",Female,Stitched Clothes for Male 
"Karachi, Pakistan",Female,Stitched Clothes for Male 
"Lahore, Pakistan",Male,Stitched Clothes for Male 
Umerkot,Male,Stitched Clothes for Male 
"Lahore, Pakistan",Male,Stitched Clothes for Male 
"Karachi, Pakistan",Male,Stitched Clothes for Male 
"Karachi, Pakistan",Female,Stitched Clothes for Male 
"Mona Remount Depot, Punjab, Pakistan",Male,Stitched Clothes for Male 
"Lahore, Pakistan",Female,Stitched Clothes for Male 
Multan,Male,Stitched Clothes for Male 
Muzaffargarh,Male,Stitched Clothes for Male 
"Makli, Sindh, Pakistan",Female,Stitched Clothes for Male 
"Karachi, Pakistan",Female,Stitched Clothes for Male 
Kharian,Male,Stitched Clothes for Male 
"Islamabad, Pakistan",Female,Stitched Clothes for Male 
"Peshawar, Pakistan",Female,Stitched Clothes for Male 
"Rawalpindi, Pakistan",Female,Stitched Clothes for Male 
Dera Ghazi Khan,Male,Stitched Clothes for Male 
"Lahore, Pakistan",Female,Stitched Clothes for Male 
"Lahore, Pakistan",Female,Stitched Clothes for Male 
"Rawalpindi, Pakistan",Female,Stitched Clothes for Male 
"Quetta, Pakistan",Female,Stitched Clothes for Male 
Mandi Bahauddin,Female,Stitched Clothes for Male 
Faisalabad,Male,Stitched Clothes for Male 
"Karachi, Pakistan",Male,Stitched Clothes for Male 
"Lahore, Pakistan",Female,Stitched Clothes for Male 
"Karachi, Pakistan",Female,Stitched Clothes for Male 
"Lahore, Pakistan",Male,Stitched Clothes for Male 
Khushab,Male,Stitched Clothes for Male 
"Jhang Sadar, Punjab, Pakistan",Male,Stitched Clothes for Male 
Multan,Male,Stitched Clothes for Male 
Rahim Yar Khan,Male,Stitched Clothes for Male 
Multan,Female,Stitched Clothes for Male 
Latifabad,Female,Stitched Clothes for Male 
"Jhelum, Punjab",Male,Stitched Clothes for Male 
Multan,Female,Stitched Clothes for Male 
"Allu Multan, Punjab, Pakistan",Male,Stitched Clothes for Male 
Bahawalnagar,Female,Stitched Clothes for Male 
"Karachi, Pakistan",Female,Stitched Clothes for Male 
"Lahore, Pakistan",Male,Stitched Clothes for Male 
"Gujranwala, Pakistan",Male,Stitched Clothes for Male 
"Rawalpindi, Pakistan",Male,Stitched Clothes for Male 
"Dhaka, Bangladesh",Male,Stitched Clothes for Male 
"Melbourne, Victoria, Australia",Female,Stitched Clothes for Male 
Hayatabad,Male,Stitched Clothes for Male 
"Dhaka, Bangladesh",Male,Stitched Clothes for Male 
"Karachi, Pakistan",Female,Stitched Clothes for Male 
Sargodha,Female,Stitched Clothes for Male 
"Rawalpindi, Pakistan",Female,Stitched Clothes for Male 
"Karachi, Pakistan",Female,Stitched Clothes for Male 
Sargodha,Female,Stitched Clothes for Male 
Chitral,Male,Stitched Clothes for Male 
"Northampton, Northamptonshire",Female,Stitched Clothes for Male 
"Manikganj, Dhaka, Bangladesh",Male,Stitched Clothes for Male 
"Karachi, Pakistan",Female,Stitched Clothes for Male 
"Lahore, Pakistan",Male,Stitched Clothes for Male 
"Lahore, Pakistan",Male,Stitched Clothes for Male 
"Gujranwala, Pakistan",Male,Stitched Clothes for Male 
Khanewal,Male,Stitched Clothes for Male 
"Sahiwal, Punjab, Pakistan",Male,Stitched Clothes for Male 
Khanewal,Male,Stitched Clothes for Male 
Faisalabad,Male,Stitched Clothes for Male 
"Bangial, Punjab, Pakistan",Male,Stitched Clothes for Male 
"Gujranwala, Pakistan",Male,Stitched Clothes for Male 
"Rawalpindi, Pakistan",Female,Stitched Clothes for Male 
"Lahore, Pakistan",Male,Stitched Clothes for Male 
"Lahore, Pakistan",Female,Stitched Clothes for Male 
"Islamabad, Pakistan",Male,Stitched Clothes for Male 
"Lahore, Pakistan",Female,Stitched Clothes for Male 
"Hyderabad, Sindh",Male,Stitched Clothes for Male 
"Peshawar, Pakistan",Male,Stitched Clothes for Male 
"Karachi, Pakistan",Female,Stitched Clothes for Male 
Islamabad,Male,Stitched Clothes for Male 
"Lahore, Pakistan",Male,Stitched Clothes for Male 
"Darawala, Punjab, Pakistan",Male,Stitched Clothes for Male 
"Lahore, Pakistan",Female,Stitched Clothes for Male 
"Karachi, Pakistan",Male,Stitched Clothes for Male 
"Karachi, Pakistan",Male,Stitched Clothes for Male 
"Karachi, Pakistan",Female,Stitched Clothes for Male 
"Karachi, Pakistan",Male,Stitched Clothes for Male 
"Karachi, Pakistan",Female,Stitched Clothes for Male 
"Karachi, Pakistan",Male,Stitched Clothes for Male 
"Dubai, United Arab Emirates",Female,Stitched Clothes for Male 
Hafizabad,Female,Stitched Clothes for Male 
Taxila,Male,Stitched Clothes for Male 
"Karachi, Pakistan",Female,Stitched Clothes for Male 
"Islamabad, Pakistan",Female,Stitched Clothes for Male 
Faisalabad,Female,Stitched Clothes for Male 
"Dubai, United Arab Emirates",Male,Stitched Clothes for Male 
"Lahore, Pakistan",Female,Stitched Clothes for Male 
"Lahore, Pakistan",Male,Stitched Clothes for Male 
"Takht-I-Bhai, Khyber Pakhtunkhwa, Pakistan",Male,Stitched Clothes for Male 
"Karachi, Pakistan",Female,Stitched Clothes for Male 
"Hyderabad, Sindh",Male,Stitched Clothes for Male 
"Karachi, Pakistan",Male,Stitched Clothes for Male 
"Wah, Pakistan",Female,Stitched Clothes for Male 
"Hyderabad, Sindh",Male,Stitched Clothes for Male 
"Karachi, Pakistan",Male,Stitched Clothes for Male 
"Karachi, Pakistan",Male,Stitched Clothes for Male 
"Karachi, Pakistan",Male,Stitched Clothes for Male 
"Lahore, Pakistan",Male,Stitched Clothes for Male 
Taguig,Female,Stitched Clothes for Male 
"Karachi, Pakistan",Female,Stitched Clothes for Male 
"Toronto, Ontario",Male,Stitched Clothes for Male 
"Karachi, Pakistan",Female,Stitched Clothes for Male 
Multan,Male,Stitched Clothes for Male 
"Karachi, Pakistan",Female,Stitched Clothes for Male 
"Zürich, Switzerland",Male,Stitched Clothes for Male 
Faisalabad,Male,Stitched Clothes for Male 
"Karachi, Pakistan",Female,Stitched Clothes for Male 
Faisalabad,Female,Stitched Clothes for Male 
"Dubai, United Arab Emirates",Male,Stitched Clothes for Male 
"Karachi, Pakistan",Male,Stitched Clothes for Male 
"Hyderabad, Sindh",Male,Stitched Clothes for Male 
"Okara, Pakistan",Male,Stitched Clothes for Male 
"Islamabad, Pakistan",Female,Stitched Clothes for Male 
"Dubai, United Arab Emirates",Male,Stitched Clothes for Male 
Kharian,Male,Stitched Clothes for Male 
"Karachi, Pakistan",Male,Stitched Clothes for Male 
"Peshawar, Pakistan",Male,Stitched Clothes for Male 
"Birmingham, United Kingdom",Male,Stitched Clothes for Male 
"Karachi, Pakistan",Male,Stitched Clothes for Male 
Faisalabad,Female,Stitched Clothes for Male 
Faisalabad,Female,Stitched Clothes for Male 
"Dubai, United Arab Emirates",Male,Stitched Clothes for Male 
"Karachi, Pakistan",Female,Stitched Clothes for Male 
"Lahore, Pakistan",Male,Stitched Clothes for Male 
"Lahore, Pakistan",Male,Stitched Clothes for Male 
"Lahore, Pakistan",Female,Stitched Clothes for Male 
"Lahore, Pakistan",Male,Stitched Clothes for Male 
"Karachi, Pakistan",Male,Stitched Clothes for Male 
"Rawalpindi, Pakistan",Male,Stitched Clothes for Male 
"Lahore, Pakistan",Male,Stitched Clothes for Male 
"Beijing, China",Male,Stitched Clothes for Male 
"Dubai, United Arab Emirates",Male,Stitched Clothes for Male 
"Nowshera Cantonment, Khyber Pakhtunkhwa, Pakistan",Male,Stitched Clothes for Male 
"Sialkot, Punjab",Male,Stitched Clothes for Male 
"Dublin, Ireland",Female,Stitched Clothes for Male 
Faisalabad,Male,Stitched Clothes for Male 
Doha,Male,Stitched Clothes for Male 
"Vienna, Austria",Male,Stitched Clothes for Male 
"Islamabad, Pakistan",Male,Stitched Clothes for Male 
"Karachi, Pakistan",Male,Stitched Clothes for Male 
"Karachi, Pakistan",Male,Stitched Clothes for Male 
"Muscat, Oman",Female,Stitched Clothes for Male 
"Karachi, Pakistan",Male,Stitched Clothes for Male 
"Karachi, Pakistan",Female,Stitched Clothes for Male 
"Al Gharrafah, Ad Dawḩah, Qatar",Female,Stitched Clothes for Male 
"Lahore, Pakistan",Female,Stitched Clothes for Male 
"Iquique, Chile",Female,Stitched Clothes for Male 
"Hyderabad, Sindh",Male,Stitched Clothes for Male 
"Lahore, Pakistan",Female,Stitched Clothes for Male 
"Karachi, Pakistan",Male,Stitched Clothes for Male 
"Islamabad, Pakistan",Male,Stitched Clothes for Male 
"Lahore, Pakistan",Male,Stitched Clothes for Male 
Faisalabad,Male,Stitched Clothes for Male 
"Dubai, United Arab Emirates",Female,Stitched Clothes for Male 
Dargai,Male,Stitched Clothes for Male 
"Karachi, Pakistan",Male,Stitched Clothes for Male 
"Islamabad, Pakistan",Male,Stitched Clothes for Male 
"Karachi, Pakistan",Male,Stitched Clothes for Male 
"Karachi, Pakistan",Female,Stitched Clothes for Male 
"Karachi, Pakistan",Male,Stitched Clothes for Male 
"Dawhat Al Qatar, Ad Dawḩah, Qatar",Male,Stitched Clothes for Male 
"Islamabad, Pakistan",Male,Stitched Clothes for Male 
"Karachi, Pakistan",Male,Stitched Clothes for Male 
"Karachi, Pakistan",Male,Stitched Clothes for Male 
"Lahore, Pakistan",Male,Stitched Clothes for Male 
"Lahore, Pakistan",Male,Stitched Clothes for Male 
"Karachi, Pakistan",Male,Stitched Clothes for Male 
"Karachi, Pakistan",Male,Stitched Clothes for Male 
"Islamabad, Pakistan",Male,Stitched Clothes for Male 
Multan,Male,Stitched Clothes for Male 
Mianwali,Male,Stitched Clothes for Male 
"Lahore, Pakistan",Male,Stitched Clothes for Male 
"Hyderabad, Sindh",Male,Stitched Clothes for Male 
"Karachi, Pakistan",Male,Stitched Clothes for Male 
"Toowoomba, Queensland",Male,Stitched Clothes for Male 
"Shah Faisalabad, Punjab, Pakistan",Male,Stitched Clothes for Male 
"Kario, Sindh, Pakistan",Male,Stitched Clothes for Male 
"Wah, Pakistan",Male,Stitched Clothes for Male 
"Islamabad, Pakistan",Male,Stitched Clothes for Male 
Faisalabad,Male,Stitched Clothes for Male 
"Baku, Azerbaijan",Female,Stitched Clothes for Male 
Sargodha,Male,Stitched Clothes for Male 
Multan,Male,Stitched Clothes for Male 
"Lahore, Pakistan",Male,Stitched Clothes for Male 
"Sialkot, Punjab",Male,Stitched Clothes for Male 
"Karachi, Pakistan",Male,Stitched Clothes for Male 
"Lahore, Pakistan",Male,Stitched Clothes for Male 
"Karachi, Pakistan",Male,Stitched Clothes for Male 
"Jubail, Saudi Arabia",Male,Stitched Clothes for Male 
Faisalabad,Male,Stitched Clothes for Male 
"Lahore, Pakistan",Male,Stitched Clothes for Male 
"Karachi, Pakistan",Female,Stitched Clothes for Male 
"Lahore, Pakistan",Female,Stitched Clothes for Male 
"Lahore, Pakistan",Female,Stitched Clothes for Male 
Islamabad,Male,Stitched Clothes for Male 
"Karachi, Pakistan",Female,Stitched Clothes for Male 
"Islamabad, Pakistan",Female,Stitched Clothes for Male 
"Lahore, Pakistan",Female,Stitched Clothes for Male 
"Karachi, Pakistan",Female,Stitched Clothes for Male 
"Karachi, Pakistan",Male,Stitched Clothes for Male 
"Lahore, Pakistan",Female,Stitched Clothes for Male 
"Karachi, Pakistan",Female,Stitched Clothes for Male 
"Gilgit, Pakistan",Male,Electronic Devices
"Lahore, Pakistan",Male,Electronic Devices
Gojra,Male,Electronic Devices
Multan,Male,Electronic Devices
"Lahore, Pakistan",Male,Electronic Devices
"Lahore, Pakistan",Male,Electronic Devices
"Karachi, Pakistan",Male,Electronic Devices
"Kamoki, Punjab, Pakistan",Male,Electronic Devices
"Dubai, United Arab Emirates",Male,Electronic Devices
"Peshawar, Pakistan",Male,Electronic Devices
"Kalu Khan, Khyber Pakhtunkhwa, Pakistan",Male,Electronic Devices
Dera Ismail Khan,Male,Electronic Devices
"Sukkur, Sindh",Male,Electronic Devices
"Gujranwala, Pakistan",Male,Electronic Devices
"Peshawar, Pakistan",Male,Electronic Devices
"Lahore, Pakistan",Female,Electronic Devices
"Rawalpindi, Pakistan",Female,Electronic Devices
"Islamabad, Pakistan",Female,Electronic Devices
"Hyderabad, Sindh",Female,Electronic Devices
"Lahore, Pakistan",Male,Electronic Devices
"Lahore, Pakistan",Female,Electronic Devices
"Karachi, Pakistan",Male,Electronic Devices
Mirpur Khas,Male,Electronic Devices
"Peshawar, Pakistan",Male,Electronic Devices
Muzaffarabad,Male,Electronic Devices
"Lahore, Pakistan",Male,Electronic Devices
"Lahore, Pakistan",Male,Electronic Devices
"Islamabad, Pakistan",Male,Electronic Devices
"Lahore, Pakistan",Male,Electronic Devices
"Karachi, Pakistan",Male,Electronic Devices
Al Sadd Doha,Male,Electronic Devices
"Karachi, Pakistan",Male,Electronic Devices
"Karachi, Pakistan",Male,Electronic Devices
"Kohat, Pakistan",Male,Electronic Devices
"Peshawar, Pakistan",Male,Electronic Devices
"Karachi, Pakistan",Male,Electronic Devices
Multan,Male,Electronic Devices
"Dubai, United Arab Emirates",Male,Electronic Devices
Lalamusa,Male,Electronic Devices
"Lahore, Pakistan",Female,Electronic Devices
"Hyderabad, Sindh",Male,Electronic Devices
"Miami, Florida",Male,Electronic Devices
Jaranwala,Male,Electronic Devices
"Pad Idan, Sindh, Pakistan",Male,Electronic Devices
"Lahore, Pakistan",Male,Electronic Devices
"Khuhra, Sindh, Pakistan",Male,Electronic Devices
Sharjah,Male,Electronic Devices
Faisalabad,Male,Electronic Devices
"Lahore, Pakistan",Male,Electronic Devices
"Islamabad, Pakistan",Female,Electronic Devices
Sanghar,Male,Electronic Devices
"Hyderabad, Sindh",Male,Electronic Devices
"Karachi, Pakistan",Male,Electronic Devices
Dewal,Male,Electronic Devices
"Sahiwal, Punjab, Pakistan",Male,Electronic Devices
"Lahore, Pakistan",Male,Electronic Devices
Dera Ghazi Khan,Male,Electronic Devices
Rahim Yar Khan,Male,Electronic Devices
"Lahore, Pakistan",Female,Electronic Devices
"Lahore, Pakistan",Male,Electronic Devices
"Lahore, Pakistan",Male,Electronic Devices
"Lahore, Pakistan",Male,Electronic Devices
Muzaffargarh,Male,Electronic Devices
Sargodha,Male,Electronic Devices
"Lahore, Pakistan",Male,Electronic Devices
"Lahore, Pakistan",Female,Electronic Devices
"Lahore, Pakistan",Male,Electronic Devices
"Hyderabad, Sindh",Female,Electronic Devices
"Lahore, Pakistan",Female,Electronic Devices
"Karachi, Pakistan",Female,Electronic Devices
"Karachi, Pakistan",Female,Electronic Devices
"Karachi, Pakistan",Female,Electronic Devices
"Lahore, Pakistan",Female,Electronic Devices
"Karachi, Pakistan",Male,Electronic Devices
"Karachi, Pakistan",Male,Electronic Devices
Chiniot,Male,Electronic Devices
"Jatoi, Punjab, Pakistan",Male,Electronic Devices
"Rawalpindi, Pakistan",Female,Electronic Devices
"Karachi, Pakistan",Male,Electronic Devices
Multan,Male,Electronic Devices
"Lahore, Pakistan",Male,Electronic Devices
"Karachi, Pakistan",Female,Electronic Devices
Rajanpur,Female,Electronic Devices
"Bhairab Town, Dhaka, Bangladesh",Female,Electronic Devices
"Peshawar, Pakistan",Female,Electronic Devices
"Peshawar, Pakistan",Female,Electronic Devices
"Islamabad, Pakistan",Male,Electronic Devices
"Lahore, Pakistan",Male,Electronic Devices
"Lahore, Pakistan",Male,Electronic Devices
"Rawalpindi, Pakistan",Male,Electronic Devices
"Gulshan, Punjab, Pakistan",Female,Electronic Devices
Bahawalpur,Male,Electronic Devices
"Jhelum, Punjab",Male,Electronic Devices
"Shikarpur, Pakistan",Female,Electronic Devices
"Karachi, Pakistan",Male,Electronic Devices
Multan,Female,Electronic Devices
"Islamabad, Pakistan",Male,Electronic Devices
"Lahore, Pakistan",Male,Electronic Devices
"Peshawar, Pakistan",Female,Beauty Products
"Peshawar, Pakistan",Female,Beauty Products
"Karachi, Pakistan",Female,Beauty Products
"Gujranwala, Pakistan",Female,Beauty Products
"Islamabad, Pakistan",Female,Beauty Products
"Rawalpindi, Pakistan",Female,Beauty Products
"Moro, Sindh",Female,Beauty Products
"Karachi, Pakistan",Female,Beauty Products
Sadiqabad,Female,Beauty Products
"Karachi, Pakistan",Female,Beauty Products
Faisalabad,None,Beauty Products
"Karachi, Pakistan",Female,Beauty Products
"Karachi, Pakistan",Female,Beauty Products
"Karachi, Pakistan",Female,Beauty Products
Multan,Female,Beauty Products
"Mirpur, Azad Kashmir",Female,Beauty Products
"Swat, Pakistan",Female,Beauty Products
"Lahore, Pakistan",Female,Beauty Products
"Karachi, Pakistan",Female,Beauty Products
"Islamabad, Pakistan",Female,Beauty Products
"Lahore, Pakistan",Female,Beauty Products
"Sialkot, Punjab",Female,Beauty Products
"Lahore, Pakistan",Female,Beauty Products
"Karachi, Pakistan",Female,Beauty Products
"Lahore, Pakistan",Female,Beauty Products
"Karachi, Pakistan",Female,Beauty Products
Multan,Female,Beauty Products
"Peshawar, Pakistan",Female,Beauty Products
"Lahore, Pakistan",Female,Beauty Products
"Karachi, Pakistan",Female,Beauty Products
"Karachi, Pakistan",Female,Beauty Products
"Quetta, Pakistan",Female,Beauty Products
"Karachi, Pakistan",Female,Beauty Products
"Lahore, Pakistan",Female,Beauty Products
Talagang,Female,Beauty Products
"Rawalpindi, Pakistan",Female,Beauty Products
"Sahiwal, Punjab, Pakistan",Female,Beauty Products
"Karachi, Pakistan",Female,Beauty Products
"Karachi, Pakistan",Female,Beauty Products
"Rawalpindi, Pakistan",Female,Beauty Products
"Karachi, Pakistan",Female,Beauty Products
"Hyderabad, Sindh",Female,Beauty Products
"Karachi, Pakistan",Female,Beauty Products
"Karachi, Pakistan",Female,Beauty Products
"Karachi, Pakistan",Female,Beauty Products
Mardan,Female,Beauty Products
"Lahore, Pakistan",Female,Beauty Products
"Islamabad, Pakistan",Female,Beauty Products
"Nairobi, Kenya",Female,Beauty Products
"Karachi, Pakistan",Female,Beauty Products
Multan,Female,Beauty Products
"Karachi, Pakistan",Female,Beauty Products
"Lahore, Pakistan",Female,Beauty Products
"Karachi, Pakistan",Female,Beauty Products
"Lahore, Pakistan",Female,Beauty Products
Faisalabad,Female,Beauty Products
Thatta,Female,Beauty Products
"Karachi, Pakistan",Female,Beauty Products
"Karachi, Pakistan",Male,Beauty Products
"Dubai, United Arab Emirates",Female,Beauty Products
"Liège, Belgium",Female,Beauty Products
Hyderabad,Female,Beauty Products
"Islamabad, Pakistan",Female,Beauty Products
"Karachi, Pakistan",Female,Beauty Products
"Lahore, Pakistan",Female,Beauty Products
"Karachi, Pakistan",Female,Beauty Products
"Peshawar, Pakistan",Male,Beauty Products
"Peshawar, Pakistan",Male,Beauty Products
"Karachi, Pakistan",Female,Beauty Products
"Shah Faisalabad, Punjab, Pakistan",Male,Beauty Products
"Karachi, Pakistan",Female,Beauty Products
Dera Ghazi Khan,Male,Beauty Products
"Islamabad, Pakistan",Male,Beauty Products
"Sialkot, Punjab",Female,Beauty Products
"Karor Lal Isa, Punjab, Pakistan",Male,Beauty Products
"Karachi, Pakistan",Female,Beauty Products
"Karachi, Pakistan",Female,Beauty Products
"Karachi, Pakistan",Female,Beauty Products
Kasur,Male,Beauty Products
"Allu Multan, Punjab, Pakistan",Male,Beauty Products
Nishter Road,Female,Baby Accessories
Rahim Yar Khan,Female,Baby Accessories
"Lahore, Pakistan",Male,Baby Accessories
"Islamabad, Pakistan",Female,Baby Accessories
"Rawalpindi, Pakistan",Male,Baby Accessories
"Karachi, Pakistan",Female,Baby Accessories
"Peshawar, Pakistan",Female,Baby Accessories
"Karachi, Pakistan",Female,Baby Accessories
"Karachi, Pakistan",Female,Baby Accessories
"Karachi, Pakistan",Female,Baby Accessories
"Karachi, Pakistan",Female,Baby Accessories
"Karachi, Pakistan",Female,Baby Accessories
"Sialkot, Punjab",Male,Baby Accessories
"Lahore, Pakistan",Male,Baby Accessories
"Gujranwala, Pakistan",Male,Baby Accessories
Faisalabad,Male,Baby Accessories
"Sahiwal, Punjab, Pakistan",Male,Baby Accessories
"Rawalpindi, Pakistan",Female,Baby Accessories
"Lahore, Pakistan",Female,Baby Accessories
Multan,Female,Baby Accessories
"Karachi, Pakistan",Female,Baby Accessories
"Peshawar, Pakistan",Female,Baby Accessories
"Islamabad, Pakistan",Male,Baby Accessories
"Peshawar, Pakistan",Male,Baby Accessories
"Islamabad, Pakistan",Female,Baby Accessories
"Peshawar, Pakistan",Female,Baby Accessories
"Karachi, Pakistan",Female,Baby Accessories
"Karachi, Pakistan",Female,Baby Accessories
Kaduna,Female,Baby Accessories
"Karachi, Pakistan",Female,Baby Accessories
"Karachi, Pakistan",Female,Baby Accessories
"Lahore, Pakistan",Female,Baby Accessories
"Karachi, Pakistan",Female,Baby Accessories
"Karachi, Pakistan",Female,Baby Accessories
"Lahore, Pakistan",Female,Baby Accessories
"Riyadh, Saudi Arabia",Female,Baby Accessories
"Lahore, Pakistan",Female,Baby Accessories
"Talugtug, Nueva Ecija",Female,Baby Accessories
"Lahore, Pakistan",Female,Baby Accessories
Badin,Female,Baby Accessories
"Lahore, Pakistan",Female,Baby Accessories
"Lahore, Pakistan",Female,Baby Accessories
"Lahore, Pakistan",Female,Baby Accessories
Mardan,Male,Baby Accessories
"Karachi, Pakistan",Male,Baby Accessories
"Lahore, Pakistan",Female,Baby Accessories
Lodhran,Male,Baby Accessories
"Karachi Lines, Sindh, Pakistan",Female,Kids cloth
"Karachi, Pakistan",Female,Kids cloth
"Sialkot, Punjab",Female,Kids cloth
"Lahore, Pakistan",Female,Kids cloth
"Kot Ghulam Muhammad, Sindh, Pakistan",Male,Kids cloth
"Kamrah, Punjab, Pakistan",Female,Kids cloth
Sadiqabad,Female,Kids cloth
"Karachi, Pakistan",Female,Kids cloth
Copenhagen,Female,Kids cloth
"Lahore, Pakistan",Female,Kids cloth
"Karachi, Pakistan",Female,Kids cloth
"Karachi, Pakistan",Female,Kids cloth
"Sahiwal, Punjab, Pakistan",Female,Kids cloth
"Karachi, Pakistan",Female,Kids cloth
"Hyderabad, Sindh",Female,Kids cloth
"Sadikabad, Punjab, Pakistan",Female,Kids cloth
"Karachi, Pakistan",Female,Kids cloth
Tuni,Male,Kids cloth
"Lahore, Pakistan",Female,Kids cloth
"Islamabad, Pakistan",Female,Kids cloth
"Islamabad, Pakistan",Female,Kids cloth
"Karachi, Pakistan",Female,Kids cloth
"Karachi, Pakistan",Female,Kids cloth
"Quetta, Pakistan",Male,Unstitched Clothes for Male 
"Tando Bago, Sindh, Pakistan",Male,Unstitched Clothes for Male 
"Karachi, Pakistan",Male,Unstitched Clothes for Male 
"Sukkur, Sindh",Male,Unstitched Clothes for Male 
Dera Ismail Khan,Male,Unstitched Clothes for Male 
"Islamabad, Pakistan",Male,Unstitched Clothes for Male 
"Chatar, Khyber Pakhtunkhwa, Pakistan",Male,Unstitched Clothes for Male 
"Karachi, Pakistan",Male,Unstitched Clothes for Male 
Bahawalpur,Male,Unstitched Clothes for Male 
"Kandhkot, Sindh, Pakistan",Male,Unstitched Clothes for Male 
Nawabshah,Male,Unstitched Clothes for Male 
Rajanpur,Male,Unstitched Clothes for Male 
"Lahore, Pakistan",Male,Unstitched Clothes for Male 
"Kabul, Afghanistan",Male,Unstitched Clothes for Male 
"Karachi, Pakistan",Male,Unstitched Clothes for Male 
"Chakwal, Pakistan",Male,Unstitched Clothes for Male 
"Sahiwal, Punjab, Pakistan",Male,Unstitched Clothes for Male 
"Fatehpur, Punjab, Pakistan",Male,Unstitched Clothes for Male 
"Arifwala, Pakistan",Male,Unstitched Clothes for Male 
Multan,Male,Unstitched Clothes for Male 
Sargodha,Male,Unstitched Clothes for Male 
"Gujranwala, Pakistan",Male,Unstitched Clothes for Male 
"Peshawar, Pakistan",Male,Unstitched Clothes for Male 
"Mian Channu, Punjab, Pakistan",Male,Unstitched Clothes for Male 
Multan,Male,Unstitched Clothes for Male 
"Islamabad, Pakistan",Male,Unstitched Clothes for Male 
Faisalabad,Male,Unstitched Clothes for Male 
"Shikarpur, Pakistan",Male,Unstitched Clothes for Male 
"Tank, Pakistan",Male,Unstitched Clothes for Male 
"Pasni, Balochistan, Pakistan",Male,Unstitched Clothes for Male 
"Jam Shoro, Sindh, Pakistan",Female,Unstitched Clothes for Male 
Sargodha,Female,Unstitched Clothes for Male 
"Lahore, Pakistan",Female,Unstitched Clothes for Male 
"Dunyapur, Punjab, Pakistan",Male,Unstitched Clothes for Male 
"Islamabad, Pakistan",Male,Unstitched Clothes for Male 
"Lahore, Pakistan",Male,Unstitched Clothes for Male 
"Rawalpindi, Pakistan",Male,Unstitched Clothes for Male 
Faisalabad,Male,Unstitched Clothes for Male 
Abbottabad,Male,Unstitched Clothes for Male 
"Gujranwala, Pakistan",Male,Unstitched Clothes for Male 
"Gujranwala, Pakistan",Male,Unstitched Clothes for Male 
Gujrat,Male,Unstitched Clothes for Male 
"London, United Kingdom",Male,Unstitched Clothes for Male 
"Peshawar, Pakistan",Male,Unstitched Clothes for Male 
"Rawalpindi, Pakistan",Male,Unstitched Clothes for Male 
"Lahore, Pakistan",Male,Unstitched Clothes for Male 
"Peshawar, Pakistan",Male,Unstitched Clothes for Male 
Sheikhupura,Male,Unstitched Clothes for Male 
"Dubai, United Arab Emirates",Male,Unstitched Clothes for Male 
"Peshawar, Pakistan",Male,Unstitched Clothes for Male 
"Haripur, Pakistan",Male,Unstitched Clothes for Male 
"Karachi, Pakistan",Female,Unstitched Clothes for Male 
"Lahore, Pakistan",Female,Unstitched Clothes for Male 
Bhakkar,Male,Unstitched Clothes for Male 
"Lahore, Pakistan",Female,Unstitched Clothes for Male 
"Lahore, Pakistan",Male,Unstitched Clothes for Male 
Layyah,Male,Unstitched Clothes for Male 
"Karachi, Pakistan",Male,Unstitched Clothes for Male 
"Karachi, Pakistan",Male,Unstitched Clothes for Male 
"Lahore, Pakistan",Female,Unstitched Clothes for Male 
Multan,Male,Unstitched Clothes for Male 
"Shahdadkot, Pakistan",Female,Unstitched Clothes for Male 
"Sialkot, Punjab",Female,Unstitched Clothes for Male 
"Sukkur, Sindh",Male,Unstitched Clothes for Male 
"Lahore, Pakistan",Male,Unstitched Clothes for Male 
"Lahore, Pakistan",Female,Unstitched Clothes for Male 
"Hyderabad, Sindh",Male,Unstitched Clothes for Male 
"Dubai, United Arab Emirates",Male,Unstitched Clothes for Male 
"Karachi, Pakistan",Female,Unstitched Clothes for Male 
"Karachi, Pakistan",Female,Unstitched Clothes for Male 
"Riyadh, Saudi Arabia",Male,Unstitched Clothes for Male 
"Lahore, Pakistan",Female,Unstitched Clothes for Male 
"Karachi, Pakistan",Female,Unstitched Clothes for Male 
Charsadda,Male,Unstitched Clothes for Male 
"Lahore, Pakistan",Male,Unstitched Clothes for Male 
"Karachi, Pakistan",Female,Unstitched Clothes for Male 
Islamabad,Male,Unstitched Clothes for Male 
"Jeddah, Saudi Arabia",Male,Unstitched Clothes for Male 
"Lahore, Pakistan",Female,Unstitched Clothes for Male 
Faisalabad,Male,Unstitched Clothes for Male 
"Karachi, Pakistan",Female,Unstitched Clothes for Male 
Harnai,Male,Unstitched Clothes for Male 
Warah,Male,Unstitched Clothes for Male 
"Islamabad, Pakistan",Male,Unstitched Clothes for Male 
"Dadu, Pakistan",Female,Unstitched Clothes for Male 
Mirpur Mathelo,Male,Unstitched Clothes for Male 
"Karachi, Pakistan",Female,Unstitched Clothes for Male 
"Hyderabad, Sindh",Female,Unstitched Clothes for Male 
"Rawalpindi, Pakistan",Female,Unstitched Clothes for Male 
"Karachi, Pakistan",Male,Unstitched Clothes for Male 
"Busaitin, Al Muharraq, Bahrain",Female,Unstitched Clothes for Male 
Multan,Female,Unstitched Clothes for Male 
"Islamabad, Pakistan",Female,Unstitched Clothes for Male 
"Swat, Pakistan",Male,Unstitched Clothes for Male 
Syedwala,Male,Unstitched Clothes for Male 
"Lahore, Pakistan",Female,Unstitched Clothes for Male 
"Dubai, United Arab Emirates",Male,Unstitched Clothes for Male 
Sargodha,Male,Unstitched Clothes for Male 
"Sukkur, Sindh",Male,Unstitched Clothes for Male 
"Karachi, Pakistan",Male,Unstitched Clothes for Male 
"Karachi, Pakistan",Female,Unstitched Clothes for Male 
"Karachi, Pakistan",Female,Unstitched Clothes for Male 
Lahore Cantonment,Female,Unstitched Clothes for Male 
"Lahore, Pakistan",Female,Unstitched Clothes for Male 
"Islamabad, Pakistan",Female,Unstitched Clothes for Male 
"Yichun, Jiangxi",Male,Unstitched Clothes for Male 
"Hyderabad, Sindh",Female,Unstitched Clothes for Male 
Ubauro,Male,Unstitched Clothes for Male 
Abbottabad,Female,Unstitched Clothes for Male 
"Karachi, Pakistan",Female,Unstitched Clothes for Male 
"Karachi, Pakistan",Female,Unstitched Clothes for Male 
"Khanqah Dogran, Punjab, Pakistan",Male,Unstitched Clothes for Male 
Rahim Yar Khan,Female,Unstitched Clothes for Male 
"Karachi, Pakistan",Female,Unstitched Clothes for Male 
"Lahore, Pakistan",Male,Unstitched Clothes for Male 
"Karachi, Pakistan",Female,Unstitched Clothes for Male 
"Karachi, Pakistan",Female,Unstitched Clothes for Male 
"Peshawar, Pakistan",Female,Unstitched Clothes for Male 
"Islamabad, Pakistan",Female,Unstitched Clothes for Male 
"Lahore, Pakistan",Male,Unstitched Clothes for Male 
Khushab,Male,Unstitched Clothes for Male 
"Karachi, Pakistan",Female,Unstitched Clothes for Male 
Abbottabad,Female,Unstitched Clothes for Male 
"Karachi, Pakistan",Male,Unstitched Clothes for Male 
"Islamabad, Pakistan",Female,Unstitched Clothes for Male 
"Sialkot, Punjab",Male,Unstitched Clothes for Male 
"Rawalpindi, Pakistan",Female,Unstitched Clothes for Male 
"Wah, Pakistan",Female,Unstitched Clothes for Male 
Bahawalpur,Female,Unstitched Clothes for Male 
"Karachi, Pakistan",Female,Unstitched Clothes for Male 
"Lahore, Pakistan",Male,Unstitched Clothes for Male 
"Quaidabad Colony, Punjab, Pakistan",Male,Unstitched Clothes for Male 
"Dubai, United Arab Emirates",Female,Unstitched Clothes for Male 
"Karachi, Pakistan",Female,Unstitched Clothes for Male 
"Lahore, Pakistan",Female,Unstitched Clothes for Male 
Hafizabad,Male,Unstitched Clothes for Male 
"Karachi, Pakistan",Female,Baby Clothes
"Lahore, Pakistan",Female,Baby Clothes
"Karachi, Pakistan",Female,Baby Clothes
Gujrat,Female,Baby Clothes
Gujrat,Female,Baby Clothes
"Karachi, Pakistan",Female,Baby Clothes
"Lahore, Pakistan",Female,Baby Clothes
"Karachi, Pakistan",Female,Baby Clothes
"Karachi, Pakistan",Female,Baby Clothes
"Karachi, Pakistan",Female,Baby Clothes
"Hyderabad, Sindh",Female,Baby Clothes
"Lahore, Pakistan",Female,Baby Clothes
"Karachi, Pakistan",Female,Baby Clothes
Talagang,Male,Baby Clothes
"Lahore, Pakistan",Female,Baby Clothes
"Lahore, Pakistan",Female,Baby Clothes
"Darbar, Khyber Pakhtunkhwa, Pakistan",Female,Baby Clothes
"Okara, Pakistan",Female,Baby Clothes
Ghotki,Male,Baby Clothes
"Rawalpindi, Pakistan",Female,Baby Clothes
"Karachi, Pakistan",Female,Baby Clothes
Islamabad,Female,Baby Clothes
Sargodha,Female,Baby Clothes
Abbottabad,Female,Baby Clothes
"Lahore, Pakistan",Female,Baby Clothes
"Lahore, Pakistan",Female,Baby Clothes
"Peshawar, Pakistan",Female,Baby Clothes
"Lahore, Pakistan",Female,Baby Clothes
"Brampton, Ontario",Female,Baby Clothes
"El Haram, Al Jizah, Egypt",Female,Baby Clothes
Dera Ismail Khan,Female,Baby Clothes
"Karachi, Pakistan",Female,Baby Clothes
Rahim Yar Khan,Female,Baby Clothes
"Lahore, Pakistan",Female,Baby Clothes
"Karachi, Pakistan",Male,Baby Clothes
"Islamabad, Pakistan",Female,Baby Clothes
"Karachi, Pakistan",Female,Baby Clothes
"Karachi, Pakistan",Female,Baby Clothes
"Lahore, Pakistan",Female,Baby Clothes
"Lahore, Pakistan",Male,Baby Clothes
"Dubai, United Arab Emirates",Female,Baby Clothes
"Kandhkot, Sindh, Pakistan",Female,Baby Clothes
Sargodha,Female,Baby Clothes
"Islamabad, Pakistan",Male,Baby Clothes
"Quetta, Pakistan",Female,Baby Clothes
"Gujranwala, Pakistan",Female,Baby Clothes
"Sialkot, Punjab",Male,Baby Clothes
Fateh Jang,Male,Baby Clothes
Larkana,Male,Baby Clothes
Kandy,Female,Casualwear Male
Kurunegala,Male,Casualwear Male
"Colombo, Sri Lanka",Male,Casualwear Male
Kandy,Male,Casualwear Male
"Badulla, Sri Lanka",Male,Casualwear Male
"Colombo, Sri Lanka",Male,Casualwear Male
"Pelmadulla, Sri Lanka",Female,Casualwear Male
Kalutara,Male,Casualwear Male
Welimada,Female,Casualwear Male
Badulla,Female,Casualwear Male
"Chilaw Town, Sri Lanka",Male,Casualwear Male
Trincomalee,Male,Casualwear Male
"Colombo, Sri Lanka",Male,Casualwear Male
"Bandaragama, Sri Lanka",Female,Casualwear Male
Wattala,Male,Casualwear Male
"Matara, Sri Lanka",Male,Casualwear Male
"Imaduwa, Sri Lanka",Male,Casualwear Male
Galle,Male,Casualwear Male
Haldummulla,Male,Casualwear Male
Kandy,Male,Casualwear Male
Badulla,Male,Casualwear Male
"Colombo, Sri Lanka",Male,Casualwear Male
"Colombo, Sri Lanka",Male,Casualwear Male
"London, United Kingdom",Male,Casualwear Male
"Lunugala Town, Sri Lanka",Male,Casualwear Male
Batticaloa,Male,Casualwear Male
Kegalle,Male,Casualwear Male
"Kelaniya, Sri Lanka",Male,Casualwear Male
"Port Louis, Mauritius",Male,Casualwear Male
Polonnaruwa,Male,Casualwear Male
"Matara, Sri Lanka",Male,Casualwear Male
Kurunegala,Male,Casualwear Male
Batticaloa,Male,Casualwear Male
Jaffna,Male,Casualwear Male
"Padiyatalawa, Sri Lanka",Male,Casualwear Male
Batticaloa,Male,Casualwear Male
Akkaraipattu,Male,Casualwear Male
"Saintamaruthu, Sri Lanka",Male,Casualwear Male
Kandy,Male,Casualwear Male
Jaffna,Male,Casualwear Male
Kandy,Male,Casualwear Male
Welimada,Male,Casualwear Male
Kegalle,Male,Casualwear Male
Puttalam,Female,Casualwear Male
"Jaffna Town, Sri Lanka",Male,Casualwear Male
"Battulu Oya, Sri Lanka",Male,Casualwear Male
Ampara,Male,Casualwear Male
"Colombo, Sri Lanka",Male,Casualwear Male
"Addalachenai, Sri Lanka",Male,Casualwear Male
"Nittambuwa, Sri Lanka",Male,Casualwear Male
Batticaloa,Male,Casualwear Male
"Colombo, Sri Lanka",Male,Casualwear Male
"Colombo, Sri Lanka",Male,Casualwear Male
Anuradhapura,Male,Casualwear Male
"Matara, Sri Lanka",Male,Casualwear Male
"Vavuniya Town, Sri Lanka",Male,Casualwear Male
"Bandaragama, Sri Lanka",Male,Casualwear Male
"Chilaw Town, Sri Lanka",Male,Casualwear Male
Diyatalawa,Male,Casualwear Male
"London, United Kingdom",Male,Casualwear Male
Vavuniya,Male,Casualwear Male
Negombo,Male,Casualwear Male
Dehiwala,Male,Casualwear Male
Galle,Male,Casualwear Male
Wattala,Male,Casualwear Male
Dehiwala,Male,Casualwear Male
Trincomalee,Male,Casualwear Male
"Hatton, Sri Lanka",Male,Casualwear Male
Phagwara,Male,Casualwear Male
"Bandaragama, Sri Lanka",Female,Casualwear Male
Anuradhapura,Male,Casualwear Male
Chavakachcheri,Male,Casualwear Male
"Udappu, Sri Lanka",Male,Casualwear Male
Doha,Male,Casualwear Male
"South Surra, Al 'Āşimah, Kuwait",Male,Casualwear Male
Matale,Male,Casualwear Male
"Colombo, Sri Lanka",Male,Casualwear Male
Batticaloa,Male,Casualwear Male
Trincomalee,Male,Casualwear Male
"Vavuniya Town, Sri Lanka",Male,Casualwear Male
"Matara, Sri Lanka",Male,Casualwear Male
"Colombo, Sri Lanka",Male,Casualwear Male
Nuwara Eliya,Male,Casualwear Male
Batticaloa,Male,Casualwear Male
Badulla,Male,Casualwear Male
Panadura,Male,Casualwear Male
"Colombo, Sri Lanka",Male,Casualwear Male
"Colombo, Sri Lanka",Male,Casualwear Male
Trincomalee,Male,Casualwear Male
Batticaloa,Male,Casualwear Male
Panadura,Male,Casualwear Male
"Deniyaya, Sri Lanka",Male,Casualwear Male
Vavuniya,Male,Casualwear Male
"Melbourne, Victoria, Australia",Male,Casualwear Male
Kandy,Male,Casualwear Male
Batticaloa,Male,Casualwear Male
"Padeniya, Sri Lanka",Male,Casualwear Male
Polonnaruwa,Female,Casualwear Male
"Middeniya, Sri Lanka",Male,Casualwear Male
Ratnapura,Male,Casualwear Male
Moratuwa,Male,Casualwear Male
"Colombo, Sri Lanka",Male,Casualwear Male
Batticaloa,Male,Casualwear Male
Ratnapura,Male,Casualwear Male
Vavuniya,Male,Casualwear Male
Ampara,Male,Casualwear Male
"Alvai North, Sri Lanka",Male,Casualwear Male
Trincomalee,Male,Casualwear Male
"Rakwana, Sri Lanka",Male,Casualwear Male
Kandy,Male,Casualwear Male
"Chennai, India",Male,Casualwear Male
"Colombo, Sri Lanka",Male,Casualwear Male
Matale,Male,Casualwear Male
Kandy,Male,Casualwear Male
Galle,Male,Casualwear Male
Kandy,Male,Casualwear Male
"Vavuniya Town, Sri Lanka",Male,Casualwear Male
"Katunayaka, Sri Lanka",Male,Casualwear Male
Kurunegala,Male,Casualwear Male
"Kurunegala Colony, Sri Lanka",Male,Casualwear Male
Kandy,Male,Casualwear Male
"Colombo, Sri Lanka",Female,Casualwear Male
Piliyandala,Male,Casualwear Male
Nuwara Eliya,Male,Casualwear Male
"Bandarawela Town, Sri Lanka",Male,Casualwear Male
Trincomalee,Male,Casualwear Male
Galle,Male,Casualwear Male
Kataragama,Male,Casualwear Male
Horana,Male,Casualwear Male
"Welimada Town, Sri Lanka",Male,Casualwear Male
"Eheliyagoda, Sri Lanka",Male,Casualwear Male
"Mutur, Sri Lanka",Male,Casualwear Male
Kandy,Male,Casualwear Male
Homagama,Male,Casualwear Male
Polonnaruwa,Male,Casualwear Male
"Monaragala, Sri Lanka",Female,Casualwear Male
Welimada,Male,Casualwear Male
Batticaloa,Male,Casualwear Male
"Kadawata, Sri Lanka",Male,Casualwear Male
Nawalapitiya,Male,Casualwear Male
"Colombo, Sri Lanka",Male,Casualwear Male
Peradeniya,Male,Casualwear Male
Matale,Male,Casualwear Male
"Karachi, Pakistan",Female,Casualwear Male
"Karachi, Pakistan",Female,Casualwear Male
"Sialkot, Punjab",Male,Casualwear Male
"Karachi, Pakistan",Male,Casualwear Male
"Karachi, Pakistan",Female,Casualwear Male
"Karachi, Pakistan",Female,Casualwear Male
Bahawalpur,Male,Casualwear Male
"Karachi, Pakistan",Male,Casualwear Male
"Chhor, Sindh, Pakistan",Male,Casualwear Male
"Islamabad, Pakistan",Male,Casualwear Male
"Hyderabad, Sindh",Male,Casualwear Male
"Pir Abdul Rahman, Punjab, Pakistan",Male,Casualwear Male
"Karachi, Pakistan",Female,Casualwear Male
Kotli,Male,Casualwear Male
"Karachi, Pakistan",Male,Casualwear Male
Rajanpur,Female,Casualwear Male
"Lahore, Pakistan",Male,Casualwear Male
"Karachi, Pakistan",Female,Casualwear Male
Chiniot,Female,Casualwear Male
"Rawalpindi, Pakistan",Male,Casualwear Male
"Sahiwal, Punjab, Pakistan",Female,Casualwear Male
Multan,Male,Casualwear Male
"Karachi, Pakistan",Male,Casualwear Male
"Hyderabad, Sindh",Male,Casualwear Male
"Karachi, Pakistan",Female,Casualwear Male
"Karachi, Pakistan",Female,Casualwear Male
"Lahore, Pakistan",Male,Casualwear Male
"Karachi, Pakistan",Female,Casualwear Male
"Colombo, Sri Lanka",Male,Casualwear Male
"Colombo, Sri Lanka",Male,Casualwear Male
Galle,Male,Casualwear Male
Morgenzon,Male,Casualwear Male
"Colombo, Sri Lanka",Male,Casualwear Male
"Katunayaka, Sri Lanka",Male,Casualwear Male
Beruwala,Male,Casualwear Male
Avissawella,Male,Casualwear Male
"Colombo, Sri Lanka",Male,Casualwear Male
"Saintamaruthu, Sri Lanka",Male,Casualwear Male
"Kalutara South, Sri Lanka",Male,Casualwear Male
"Monaragala, Sri Lanka",Male,Casualwear Male
Ratnapura,Male,Casualwear Male
"Karachi, Pakistan",Male,Casualwear Male
"Mississauga, Ontario",Female,Casualwear Male
Faisalabad,Male,Casualwear Male
"Lahore, Pakistan",Female,Casualwear Male
"Lahore, Pakistan",Male,Casualwear Male
Multan,Male,Casualwear Male
"Karachi, Pakistan",Female,Casualwear Male
"Sialkot, Punjab",Male,Casualwear Male
"Karachi, Pakistan",Male,Casualwear Male
Multan,Male,Casualwear Male
"Lahore, Pakistan",Male,Casualwear Male
"Peshawar, Pakistan",Male,Casualwear Male
Larkana,Male,Casualwear Male
"Islamabad, Pakistan",Male,Casualwear Male
"Besham Qala, Khyber Pakhtunkhwa, Pakistan",Male,Casualwear Male
Ghotki,Male,Casualwear Male
"Wah, Pakistan",Male,Casualwear Male
"Takht-I-Bhai, Khyber Pakhtunkhwa, Pakistan",Male,Casualwear Male
Renala Khurd,Male,Casualwear Male
"Ormara Raik, Balochistan, Pakistan",Male,Casualwear Male
"Sialkot, Punjab",Male,Shoes Male 
Palandri,Male,Shoes Male 
Lakki Marwat,Male,Shoes Male 
"Malakand, Khyber Pakhtunkhwa, Pakistan",Male,Shoes Male 
"Nasirabad, Sindh, Pakistan",Male,Shoes Male 
"Haripur, Pakistan",Male,Shoes Male 
"Gwadar, Pakistan",Male,Shoes Male 
"Quetta, Pakistan",Male,Shoes Male 
Faisalabad,Male,Shoes Male 
"Karachi, Pakistan",Male,Shoes Male 
"Lahore, Pakistan",Male,Shoes Male 
"Lahore, Pakistan",Male,Shoes Male 
"Swat, Pakistan",Male,Shoes Male 
"Peshawar, Pakistan",Male,Shoes Male 
"Islamabad, Khyber Pakhtunkhwa, Pakistan",Male,Shoes Male 
Charsadda,Male,Shoes Male 
Sargodha,Male,Shoes Male 
"Peshawar, Pakistan",Male,Shoes Male 
Faisalabad,Male,Shoes Male 
"Peshawar, Pakistan",Male,Shoes Male 
"Karachi, Pakistan",Male,Shoes Male 
"Peshawar, Pakistan",Male,Shoes Male 
"Peshawar, Pakistan",Male,Shoes Male 
"Karachi, Pakistan",Male,Shoes Male 
"Peshawar, Pakistan",Male,Shoes Male 
"Bakkhar, Punjab, Pakistan",Male,Shoes Male 
"Karachi, Pakistan",Male,Shoes Male 
"Quetta, Pakistan",Male,Shoes Male 
"Peshawar, Pakistan",Male,Shoes Male 
"Karachi, Pakistan",Male,Shoes Male 
"Lahore, Pakistan",Male,Shoes Male 
"Peshawar, Pakistan",Male,Shoes Male 
Bannu,Male,Shoes Male 
"Karachi, Pakistan",Male,Shoes Male 
"Quetta, Pakistan",Male,Shoes Male 
"Islamabad, Pakistan",Male,Shoes Male 
"Moro, Sindh",Male,Shoes Male 
"Shikarpur, Pakistan",Male,Shoes Male 
"Karachi, Pakistan",Male,Shoes Male 
"Abu Dhabi, United Arab Emirates",Male,Shoes Male 
"Chakwal, Pakistan",Male,Shoes Male 
Multan,Male,Shoes Male 
Al Ain,Male,Shoes Male 
"Karachi, Pakistan",Male,Shoes Male 
"Karachi, Pakistan",Male,Shoes Male 
"Peshawar, Pakistan",Male,Shoes Male 
"Karachi, Pakistan",Male,Shoes Male 
"Korangi Colony, Sindh, Pakistan",Male,Shoes Male 
"Sahiwal, Punjab, Pakistan",Male,Shoes Male 
"Lahore, Pakistan",Male,Shoes Male 
Attock City,Male,Shoes Male 
"Karachi, Pakistan",Female,Shoes Male 
"Karachi, Pakistan",Male,Shoes Male 
Daejeon,Male,Shoes Male 
"Islamabad, Pakistan",Male,Shoes Male 
Doha,Male,Shoes Male 
Kandy,Male,Shoes Male 
Balotra,Male,Shoes Male 
Chichawatni,Male,Shoes Male 
"Ramallah, Palestine",Male,Shoes Male 
"Karachi, Pakistan",Male,Shoes Male 
Sadiqabad,Male,Shoes Male 
Shahpur Chakar,Male,Shoes Male 
"Wah, Pakistan",Male,Shoes Male 
"Sialkot, Punjab",Male,Shoes Male 
Cebu City,Male,Shoes Male 
"Moscow, Russia",Male,Shoes Male 
Abbottabad,Male,Shoes Male 
Mastuj,Male,Shoes Male 
Sargodha,Male,Shoes Male 
"Larkana Lines, Sindh, Pakistan",Male,Shoes Male 
"Kingston, New York",Male,Shoes Male 
"Islamabad, Pakistan",Male,Shoes Male 
"Kuala Lumpur, Malaysia",Male,Shoes Male 
"Islamabad, Pakistan",Male,Shoes Male 
Wolverhampton,Male,Shoes Male 
"Shahbazpur, Punjab, Pakistan",Male,Shoes Male 
"Abu Dhabi, United Arab Emirates",Male,Shoes Male 
Bago,Male,Shoes Male 
"Rawalpindi, Pakistan",Male,Shoes Male 
Multan,Male,Shoes Male 
Faisalabad,Male,Shoes Male 
Tando Allahyar,Male,Shoes Male 
Jahanian,Male,Shoes Male 
"Karachi, Pakistan",Male,Shoes Male 
Pattoki,Male,Shoes Male 
Abbottabad,Male,Shoes Male 
Multan,Male,Shoes Male 
Charsadda,Male,Shoes Male 
Dera Ghazi Khan,Male,Shoes Male 
Mirpur Khas,Male,Shoes Male 
"Lahore, Pakistan",Male,Shoes Male 
"Toba Tek Singh, Pakistan",Male,Shoes Male 
Abbottabad,Male,Shoes Male 
Islamabad,Male,Shoes Male 
Nawabshah,Male,Shoes Male 
"Islamabad, Pakistan",Male,Shoes Male 
Charsadda,Male,Shoes Male 
"Abu Dhabi, United Arab Emirates",Male,Shoes Male 
"Peshawar, Pakistan",Male,Shoes Male 
"Islamabad, Pakistan",Male,Shoes Male 
"Swat, Pakistan",Male,Shoes Male 
"Islamabad, Pakistan",Male,Shoes Male 
"Lahore, Pakistan",Male,Shoes Male 
"Karachi, Pakistan",Female,Shoes Male 
"Mehrabpur, Sindh, Pakistan",Male,Shoes Male 
"Hyderabad, Sindh",Male,Shoes Male 
Vehari,Male,Shoes Male 
"Dubai, United Arab Emirates",Male,Shoes Male 
"Jeddah, Saudi Arabia",Male,Shoes Male 
Jahanian,Male,Shoes Male 
Dera Ismail Khan,Male,Shoes Male 
"Lahore, Pakistan",Male,Shoes Male 
"Islamabad, Pakistan",Male,Shoes Male 
Bhakkar,Male,Shoes Male 
Faisalabad,Male,Shoes Male 
"Lahore, Pakistan",Male,Shoes Male 
"Okara, Pakistan",Male,Shoes Male 
"Rawalpindi, Pakistan",Male,Shoes Male 
"Lahore, Pakistan",Male,Shoes Male 
Layyah,Male,Shoes Male 
"Toba Tek Singh, Pakistan",Male,Shoes Male 
"Karachi, Pakistan",Male,Shoes Male 
"Chishtian Mandi, Punjab, Pakistan",Male,Shoes Male 
"Rawalpindi, Pakistan",Male,Shoes Male 
Multan,Male,Shoes Male 
"Sahiwal, Punjab, Pakistan",Male,Shoes Male 
"Kohat, Pakistan",Male,Shoes Male 
"Karachi, Pakistan",Male,Shoes Male 
"Islamabad, Pakistan",Male,Shoes Male 
"Karachi, Pakistan",Male,Shoes Male 
"Islamabad, Pakistan",Male,Shoes Male 
"Feroza, Punjab, Pakistan",Male,Shoes Male 
Bannu,Male,Shoes Male 
"Lahore, Pakistan",Male,Shoes Male 
"Hyderabad, Sindh",Male,Shoes Male 
Multan,Male,Shoes Male 
Multan,Male,Shoes Male 
Faisalabad,Male,Shoes Male 
Dera Ismail Khan,Male,Shoes Male 
"Lahore, Pakistan",Male,Shoes Male 
"Islamabad, Pakistan",Male,Shoes Male 
Pir Mahal,Male,Shoes Male 
"Lahore, Pakistan",Male,Shoes Male 
"Karachi, Pakistan",Male,Shoes Male 
"Abu Dhabi, United Arab Emirates",Male,Formalwear Male
"Gujranwala, Pakistan",Male,Formalwear Male
Bolton,Female,Formalwear Male
"Lahore, Pakistan",Female,Formalwear Male
"Allahabad, India",Female,Formalwear Male
"Wah, Pakistan",Female,Formalwear Male
Sharjah,Female,Formalwear Male
Muzaffarabad,Female,Formalwear Male
"Karachi, Pakistan",Male,Formalwear Male
"Karachi, Pakistan",Female,Formalwear Male
"Karachi, Pakistan",Male,Formalwear Male
"Karachi, Pakistan",Male,Formalwear Male
"Karachi, Pakistan",Male,Formalwear Male
"Karachi, Pakistan",Male,Formalwear Male
"Kashmor Colony Number One, Sindh, Pakistan",Male,Formalwear Male
"Karachi, Pakistan",Male,Formalwear Male
"Karachi, Pakistan",Female,Formalwear Male
Copenhagen,Male,Formalwear Male
"Karachi, Pakistan",Male,Formalwear Male
"Karachi, Pakistan",Male,Formalwear Male
"Karachi, Pakistan",Male,Formalwear Male
"Karachi, Pakistan",Male,Formalwear Male
"Karachi, Pakistan",Male,Formalwear Male
"Karachi, Pakistan",Male,Formalwear Male
"Karachi, Pakistan",Male,Formalwear Male
"Karachi, Pakistan",Male,Formalwear Male
"Karachi, Pakistan",Male,Formalwear Male
"Karachi, Pakistan",Female,Formalwear Male
"Karachi, Pakistan",Male,Formalwear Male
"Nazimabad, Sindh, Pakistan",Male,Formalwear Male
"Istanbul, Turkey",Male,Formalwear Male
"Karachi, Pakistan",Male,Formalwear Male
"Harnett, North Carolina",Male,Formalwear Male
"Karachi, Pakistan",Male,Formalwear Male
"Karachi, Pakistan",Male,Formalwear Male
"Karachi, Pakistan",Male,Formalwear Male
"Karachi, Pakistan",Male,Formalwear Male
"Karachi, Pakistan",Male,Formalwear Male
"Karachi, Pakistan",Male,Formalwear Male
"Karachi, Pakistan",Male,Formalwear Male
"Karachi, Pakistan",Male,Formalwear Male
"Karachi, Pakistan",Male,Formalwear Male
"Karachi, Pakistan",Male,Formalwear Male
"Karachi, Pakistan",Male,Formalwear Male
"Karachi, Pakistan",Male,Formalwear Male
"Karachi, Pakistan",Male,Formalwear Male
"Karachi, Pakistan",Male,Formalwear Male
"Karachi, Pakistan",Male,Formalwear Male
"Karachi, Pakistan",Male,Formalwear Male
"Hyderabad, Sindh",Male,Formalwear Male
"Karachi, Pakistan",Male,Formalwear Male
"Karachi, Pakistan",Female,Formalwear Male
"Karachi, Pakistan",Male,Formalwear Male
"Karachi, Pakistan",Female,Formalwear Male
"Karachi, Pakistan",Male,Formalwear Male
"Karachi, Pakistan",Male,Formalwear Male
"Karachi, Pakistan",Female,Formalwear Male
"Peshawar, Pakistan",Female,Formalwear Male
"Ankara, Turkey",Female,Formalwear Male
"Karachi, Pakistan",Male,Formalwear Male
"Karachi, Pakistan",Female,Formalwear Male
"Karachi, Pakistan",Male,Formalwear Male
"Karachi, Pakistan",Male,Formalwear Male
"Karachi, Pakistan",Male,Formalwear Male
Bhalwal,Male,Formalwear Male
"Khas Dir, Pakistan",Male,Formalwear Male
"Karachi, Pakistan",Male,Formalwear Male
"Karachi, Pakistan",Male,Formalwear Male
Bhakkar,Male,Formalwear Male
"Kharadar, Sindh, Pakistan",Male,Formalwear Male
Larkana,Male,Formalwear Male
"Karachi, Pakistan",Male,Formalwear Male
"Karachi, Pakistan",Male,Formalwear Male
"Islamabad, Pakistan",Male,Formalwear Male
"Karachi, Pakistan",Male,Formalwear Male
"Karachi, Pakistan",Male,Formalwear Male
"Karachi, Pakistan",Male,Formalwear Male
"Karachi, Pakistan",Male,Formalwear Male
"Karachi, Pakistan",Female,Formalwear Male
"Karachi, Pakistan",Male,Formalwear Male
"Karachi, Pakistan",Male,Formalwear Male
"Karachi, Pakistan",Male,Formalwear Male
"Karachi, Pakistan",Male,Formalwear Male
"Karachi, Pakistan",Male,Formalwear Male
"Karachi, Pakistan",Male,Formalwear Male
"Karachi, Pakistan",Male,Formalwear Male
"Peshawar, Pakistan",Male,Formalwear Male
Kuwait City,Male,Formalwear Male
"Islamabad, Pakistan",Male,Formalwear Male
"Lahore, Pakistan",Female,Formalwear Male
"Gujranwala, Pakistan",Male,Formalwear Male
"Karachi, Pakistan",Female,Formalwear Male
"Karachi, Pakistan",Male,Formalwear Male
"Lahore, Pakistan",Male,Formalwear Male
Faisalabad,Male,Formalwear Male
"Karachi, Pakistan",Male,Formalwear Male
"Karachi, Pakistan",Male,Formalwear Male
"Dubai, United Arab Emirates",Male,Formalwear Male
"Karachi, Pakistan",Male,Formalwear Male
"Karachi, Pakistan",Male,Formalwear Male
"Karachi, Pakistan",Male,Formalwear Male
"Karachi, Pakistan",Male,Formalwear Male
"Lahore, Pakistan",Male,Formalwear Male
"Chicago, Illinois",Female,Formalwear Male
"Karachi, Pakistan",Male,Formalwear Male
"Karachi, Pakistan",Female,Formalwear Male
"Islamabad, Pakistan",Female,Formalwear Male
"Lahore, Pakistan",Female,Formalwear Male
"Lahore, Pakistan",Male,Formalwear Male
Bucheki,Male,Formalwear Male
"Lahore, Pakistan",Male,Formalwear Male
"Karachi, Pakistan",Male,Formalwear Male
Burewala,Female,Formalwear Male
"Mandi Burewala, Punjab, Pakistan",Female,Formalwear Male
"Hyderabad, Sindh",Male,Formalwear Male
"Islamabad, Pakistan",Female,Formalwear Male
"Musaffah, Abū Z̧Aby, United Arab Emirates",Male,Formalwear Male
"Lahore, Pakistan",Male,Formalwear Male
"Sher Shah Colony, Sindh, Pakistan",Male,Formalwear Male
Sadiqabad,Female,Formalwear Male
"Islamabad, Pakistan",Male,Formalwear Male
"Islamabad, Pakistan",Female,Formalwear Male
"Lahore, Pakistan",Female,Formalwear Male
Faisalabad,Female,Formalwear Male
"Karachi, Pakistan",Female,Formalwear Male
Nankana Sahib,Male,Formalwear Male
Rahim Yar Khan,Male,Formalwear Male
Rahim Yar Khan,Male,Formalwear Male
"Lahore, Pakistan",Female,Formalwear Male
"Okara, Pakistan",Male,Formalwear Male
"Lahore, Pakistan",Female,Formalwear Male
"Karachi, Pakistan",Female,Formalwear Male
Mianwali,Male,Formalwear Male
"Lahore, Pakistan",Male,Formalwear Male
"Mandi Burewala, Punjab, Pakistan",Male,Formalwear Male
Multan,Male,Formalwear Male
"Lahore, Pakistan",Male,Formalwear Male
"Lahore, Pakistan",Male,Formalwear Male
"Karachi, Pakistan",Female,Formalwear Male
"Peshawar, Pakistan",Male,Formalwear Male
Rahim Yar Khan,Male,Formalwear Male
"Lahore, Pakistan",Male,Formalwear Male
"Lahore, Pakistan",Male,Formalwear Male
"Karachi, Pakistan",Male,Formalwear Male
"Shah Faisalabad, Punjab, Pakistan",Male,Formalwear Male
"New York, New York",Female,Formalwear Male
"Karachi, Pakistan",Female,Formalwear Male
Pattoki,Male,Formalwear Male
"Lahore, Pakistan",Male,Formalwear Female
"Karachi, Pakistan",Female,Formalwear Female
"Karachi, Pakistan",Female,Formalwear Female
"Islamabad, Pakistan",Female,Formalwear Female
"Islamabad, Pakistan",Male,Formalwear Female
"Karachi, Pakistan",Female,Formalwear Female
"Model Town, Punjab, Pakistan",Male,Formalwear Female
"Hudson, New York",Female,Formalwear Female
"Lahore, Pakistan",Female,Formalwear Female
"Dalazak, Khyber Pakhtunkhwa, Pakistan",Male,Formalwear Female
"Karachi, Pakistan",Female,Formalwear Female
Faisalabad,Male,Formalwear Female
"Karachi, Pakistan",Female,Formalwear Female
"Karachi, Pakistan",Female,Formalwear Female
"Islamabad, Pakistan",Female,Formalwear Female
"Gujranwala, Pakistan",Male,Formalwear Female
Mandi Bahauddin,Female,Formalwear Female
Faisalabad,Female,Formalwear Female
Crawley,Male,Formalwear Female
"Lahore, Pakistan",Female,Formalwear Female
"Istanbul, Turkey",Male,Formalwear Female
"Karachi, Pakistan",Female,Formalwear Female
"Fairfax, Virginia",Female,Formalwear Female
"Islamabad, Pakistan",Female,Formalwear Female
"Karachi, Pakistan",Male,Formalwear Female
"Islamabad, Pakistan",Male,Formalwear Female
"Islamabad, Pakistan",Female,Formalwear Female
"Karachi, Pakistan",Female,Formalwear Female
"Karachi, Pakistan",Female,Formalwear Female
"Karachi, Pakistan",Female,Formalwear Female
"Karachi, Pakistan",Female,Formalwear Female
"Karachi, Pakistan",Female,Formalwear Female
"Lahore, Pakistan",Male,Formalwear Female
"Shikarpur, Pakistan",Female,Formalwear Female
"Karachi, Pakistan",Female,Formalwear Female
"Dubai, United Arab Emirates",Female,Formalwear Female
"Islamabad, Pakistan",Male,Formalwear Female
"Lahore, Pakistan",Male,Formalwear Female
Bahawalpur,Female,Formalwear Female
"Karachi, Pakistan",Female,Formalwear Female
"Karachi, Pakistan",Female,Formalwear Female
"Karachi, Pakistan",Male,Formalwear Female
"Lahore, Pakistan",Male,Formalwear Female
"Lahore, Pakistan",Male,Formalwear Female
"Karachi, Pakistan",Female,Formalwear Female
"Lahore, Pakistan",Female,Formalwear Female
"Karachi, Pakistan",Female,Formalwear Female
"Karachi, Pakistan",Female,Formalwear Female
Multan,Female,Formalwear Female
"Hyderabad, Sindh",Female,Formalwear Female
"Karachi, Pakistan",Female,Formalwear Female
"Karachi, Pakistan",Female,Formalwear Female
"Lahore, Pakistan",Female,Formalwear Female
"Riyadh, Saudi Arabia",Female,Formalwear Female
"Melbourne, Victoria, Australia",Female,Formalwear Female
"Karachi, Pakistan",Female,Formalwear Female
"Amritsar, Punjab",Female,Formalwear Female
"Lahore, Pakistan",Female,Formalwear Female
"Phoenix, Arizona",Female,Formalwear Female
"Karachi, Pakistan",Female,Formalwear Female
"Haroonabad Municipality, Punjab, Pakistan",Female,Formalwear Female
"Karachi, Pakistan",Female,Formalwear Female
"Karachi, Pakistan",Female,Formalwear Female
"Manama, Bahrain",Female,Formalwear Female
"Howrah, India",Female,Formalwear Female
"Karachi, Pakistan",Female,Formalwear Female
"Riyadh, Saudi Arabia",Female,Formalwear Female
"Lahore, Pakistan",Female,Formalwear Female
"Karachi, Pakistan",Female,Formalwear Female
"Houston, Texas",Female,Formalwear Female
"Karachi, Pakistan",Female,Formalwear Female
"Champaign, Illinois",Female,Formalwear Female
"Karachi, Pakistan",Female,Formalwear Female
"Lahore, Pakistan",Female,Formalwear Female
"Karachi, Pakistan",Female,Formalwear Female
"Leesburg, Virginia",Female,Formalwear Female
"Nashville, Tennessee",Female,Formalwear Female
"Lahore, Pakistan",Female,Formalwear Female
Sanghar,Female,Formalwear Female
"Dhaka, Bangladesh",Female,Formalwear Female
"Karachi, Pakistan",Female,Formalwear Female
"Karachi, Pakistan",Female,Formalwear Female
"Gujranwala, Pakistan",Male,Formalwear Female
"Dhaka, Bangladesh",Male,Formalwear Female
"Lahore, Pakistan",Female,Formalwear Female
Multan,Male,Formalwear Female
"Hyderabad, Sindh",Female,Formalwear Female
"Karachi, Pakistan",Female,Formalwear Female
Jauharabad,Female,Formalwear Female
"Karachi, Pakistan",Female,Formalwear Female
"Karachi, Pakistan",Female,Formalwear Female
"Karachi, Pakistan",Female,Formalwear Female
"Karachi, Pakistan",Female,Formalwear Female
"Lahore, Pakistan",Female,Formalwear Female
Multan,Male,Formalwear Female
Multan,Female,Formalwear Female
"Hyderabad, Sindh",Female,Formalwear Female
"Karachi, Pakistan",Female,Formalwear Female
"Karanchi, Sindh, Pakistan",Female,Formalwear Female
Kharagpur,Female,Formalwear Female
"Beijing, China",Female,Formalwear Female
Faisalabad,Female,Formalwear Female
"Lahore, Pakistan",Female,Formalwear Female
"Lahore, Pakistan",Female,Formalwear Female
"Karachi, Pakistan",Female,Formalwear Female
"Karachi, Pakistan",Female,Formalwear Female
"Karachi, Pakistan",Female,Formalwear Female
"Karachi, Pakistan",Female,Formalwear Female
"Karachi, Pakistan",Female,Formalwear Female
"Lahore, Pakistan",Female,Formalwear Female
"Rawalpindi, Pakistan",Female,Formalwear Female
"Karachi, Pakistan",Female,Formalwear Female
"Karachi, Pakistan",Female,Formalwear Female
Umerkot,Female,Formalwear Female
"Lahore, Pakistan",Female,Formalwear Female
"Gujranwala, Pakistan",Female,Formalwear Female
"Karachi, Pakistan",Female,Formalwear Female
"Lahore, Pakistan",Female,Formalwear Female
"Karachi, Pakistan",Female,Formalwear Female
"Islamabad, Pakistan",Female,Formalwear Female
Faisalabad,Female,Formalwear Female
"Rawalpindi, Pakistan",Female,Formalwear Female
"Karachi, Pakistan",Female,Formalwear Female
"Karachi, Pakistan",Female,Formalwear Female
"Karachi, Pakistan",Female,Formalwear Female
"Karachi, Pakistan",Female,Formalwear Female
"Chakwal, Pakistan",Female,Formalwear Female
"Karachi, Pakistan",Female,Formalwear Female
"Pratapgarh, Uttar Pradesh",Female,Formalwear Female
"Karachi, Pakistan",Male,Formalwear Female
"Karachi, Pakistan",Female,Formalwear Female
"Karachi, Pakistan",Female,Formalwear Female
Mirpur Khas,Male,Formalwear Female
"Riyadh, Saudi Arabia",Female,Formalwear Female
"Muscat, Oman",Female,Formalwear Female
"Rawalpindi, Pakistan",Female,Formalwear Female
Rahim Yar Khan,Female,Formalwear Female
Islamabad,Male,Formalwear Female
"Gujranwala, Pakistan",Female,Formalwear Female
"Lahore, Pakistan",Female,Formalwear Female
"Okara, Pakistan",Female,Formalwear Female
"Rawalpindi, Pakistan",Male,Formalwear Female
Multan,Female,Formalwear Female
"Lahore, Pakistan",Female,Formalwear Female
"Lahore, Pakistan",Female,Formalwear Female
"Islamabad, Pakistan",Female,Formalwear Female
"Karachi, Pakistan",Female,Formalwear Female
Rahim Yar Khan,Female,Formalwear Female
"Lahore, Pakistan",Female,Formalwear Female
"Lahore, Pakistan",Female,Formalwear Female
"Lahore, Pakistan",Female,Formalwear Female
"Quetta, Pakistan",Female,Formalwear Female
"Al Hillah, Babil, Iraq",Female,Formalwear Female
"Haiderabad, Sindh, Pakistan",Female,Formalwear Female
"Karachi, Pakistan",Female,Formalwear Female
